n,x,y,radius
0.000000000000000000e+00,1.000000000000000000e+00,0.000000000000000000e+00,1.000000000000000000e+00
1.000000000000000000e+00,1.000000000000000000e+00,-5.000000000000000278e-02,1.001249219725039330e+00
2.000000000000000000e+00,9.975000000000000533e-01,-9.987500000000000544e-02,1.002487538887641305e+00
3.000000000000000000e+00,9.925062500000000343e-01,-1.495003125000000099e-01,1.003702645073061506e+00
4.000000000000000000e+00,9.850312343750000643e-01,-1.987518742187500131e-01,1.004882500693390579e+00
5.000000000000000000e+00,9.750936406640625664e-01,-2.475065562519531415e-01,1.006015458852992595e+00
6.000000000000000000e+00,9.627183128514649191e-01,-2.956424718945264152e-01,1.007090373843120945e+00
7.000000000000000000e+00,9.479361892567386150e-01,-3.430392813573633348e-01,1.008096705409140537e+00
8.000000000000000000e+00,9.307842251888704954e-01,-3.895784926168068818e-01,1.009024616037700772e+00
9.000000000000000000e+00,9.113053005580301624e-01,-4.351437576447083622e-01,1.009865060610732446e+00
1.000000000000000000e+01,8.895481126757946999e-01,-4.796211632784981305e-01,1.010609867866768985e+00
1.100000000000000000e+01,8.655670545118697712e-01,-5.228995160040916801e-01,1.011251813196726745e+00
1.200000000000000000e+01,8.394220787116651872e-01,-5.648706199396749117e-01,1.011784682380419076e+00
1.300000000000000000e+01,8.111785477146814527e-01,-6.054295473254089899e-01,1.012203325941556820e+00
1.400000000000000000e+01,7.809070703484110032e-01,-6.444749008428295456e-01,1.012503703863108395e+00
1.500000000000000000e+01,7.486833253062695759e-01,-6.819090671081430299e-01,1.012682920462249836e+00
1.600000000000000000e+01,7.145878719508623744e-01,-7.176384607056861542e-01,1.012739249275591558e+00
1.700000000000000000e+01,6.787059489155781167e-01,-7.515737581514650989e-01,1.012672147852063942e+00
1.800000000000000000e+01,6.411272610080048784e-01,-7.836301212018653706e-01,1.012482262394001964e+00
1.900000000000000000e+01,6.019457549479115821e-01,-8.137274089492609885e-01,1.012171422228018036e+00
2.000000000000000000e+01,5.612593845004485438e-01,-8.417903781742833713e-01,1.011742624127611512e+00
2.100000000000000000e+01,5.191698655917343919e-01,-8.677488714538701409e-01,1.011200006550635244e+00
2.200000000000000000e+01,4.757824220190408626e-01,-8.915379925548221340e-01,1.010548813898164422e+00
2.300000000000000000e+01,4.312055223912997226e-01,-9.130982686743871479e-01,1.009795350948357706e+00
2.400000000000000000e+01,3.855506089575803652e-01,-9.323757991222662023e-01,1.008946927670848925e+00
2.500000000000000000e+01,3.389318190014670718e-01,-9.493223900723395392e-01,1.008011794685113038e+00
2.600000000000000000e+01,2.914656994978500615e-01,-9.638956750472320589e-01,1.006999069690995396e+00
2.700000000000000000e+01,2.432709157454884530e-01,-9.760592208345064691e-01,1.005918655271743400e+00
2.800000000000000000e+01,1.944679547037631295e-01,-9.857826185696946242e-01,1.004781148549667380e+00
2.900000000000000000e+01,1.451788237752784094e-01,-9.930415597584585363e-01,1.003597743261853692e+00
3.000000000000000000e+01,9.552674578735548261e-02,-9.978178970478263077e-01,1.002380124917522819e+00
3.100000000000000000e+01,4.563585093496416722e-02,-1.000099689594574626e+00,1.001140359798626367e+00
3.200000000000000000e+01,-4.369133544764564059e-03,-9.998812329173364377e-01,9.998907786694628541e-01
3.300000000000000000e+01,-5.436319519063138872e-02,-9.971630731578048357e-01,9.986438561673787184e-01
3.400000000000000000e+01,-1.042213488485216333e-01,-9.919520057153787818e-01,9.974120869523128707e-01
3.500000000000000000e+01,-1.538189491342905613e-01,-9.842610582586642787e-01,9.962078597949542980e-01
3.600000000000000000e+01,-2.030320020472237696e-01,-9.741094581563031207e-01,9.950433308780428643e-01
3.700000000000000000e+01,-2.517374749550389534e-01,-9.615225844085512064e-01,9.939302976690258529e-01
3.800000000000000000e+01,-2.998136041754665415e-01,-9.465319041997778404e-01,9.928800747908786972e-01
3.900000000000000000e+01,-3.471401993854554280e-01,-9.291748942305050329e-01,9.919033733674081921e-01
4.000000000000000000e+01,-3.935989440969807074e-01,-9.094949470256560309e-01,9.910101853459726273e-01
4.100000000000000000e+01,-4.390736914482635256e-01,-8.875412624532428296e-01,9.902096743009033419e-01
4.200000000000000000e+01,-4.834507545709256782e-01,-8.633687247246965013e-01,9.895100741922470133e-01
4.300000000000000000e+01,-5.266191908071604644e-01,-8.370377651843384781e-01,9.889185974948495605e-01
4.400000000000000000e+01,-5.684710790663773938e-01,-8.086142112310196195e-01,9.884413540213984328e-01
4.500000000000000000e+01,-6.089017896279284026e-01,-7.781691217496231605e-01,9.880832816401022844e-01
4.600000000000000000e+01,-6.478102457154095717e-01,-7.457786094638526597e-01,9.878480899347312771e-01
4.700000000000000000e+01,-6.850991761886021658e-01,-7.115236506544225792e-01,9.877382176745507225e-01
4.800000000000000000e+01,-7.206753587213232670e-01,-6.754898827183564158e-01,9.877548047582289659e-01
4.900000000000000000e+01,-7.544498528572410878e-01,-6.377673900754943226e-01,9.878976790741137437e-01
5.000000000000000000e+01,-7.863382223610158039e-01,-5.984504789574435213e-01,9.881653584852466699e-01
5.100000000000000000e+01,-8.162607463088880078e-01,-5.576374416419991320e-01,9.885550679075885139e-01
5.200000000000000000e+01,-8.441426183909879200e-01,-5.154303107224497138e-01,9.890627712109247849e-01
5.300000000000000000e+01,-8.699141339271103668e-01,-4.719346040260942177e-01,9.896832174405206795e-01
5.400000000000000000e+01,-8.935108641284150721e-01,-4.272590608196734641e-01,9.904100006401472811e-01
5.500000000000000000e+01,-9.148738171693987509e-01,-3.815153699612034988e-01,9.912356323592995677e-01
5.600000000000000000e+01,-9.339495856674588925e-01,-3.348178906778305208e-01,9.921516257540325956e-01
5.700000000000000000e+01,-9.506904802013503852e-01,-2.872833666677629960e-01,9.931485900455372384e-01
5.800000000000000000e+01,-9.650546485347385461e-01,-2.390306342410260521e-01,9.942163339858055560e-01
5.900000000000000000e+01,-9.770061802467898682e-01,-1.901803252286865531e-01,9.953439768966866330e-01
6.000000000000000000e+01,-9.865151965082241681e-01,-1.408545654032753447e-01,9.965200657972752563e-01
6.100000000000000000e+01,-9.935579247783878909e-01,-9.117666916435594737e-02,9.977326971137324696e-01
6.200000000000000000e+01,-9.981167582366057278e-01,-4.127083125252566098e-02,9.989696414731658036e-01
6.300000000000000000e+01,-1.000180299799231953e+00,8.738183737435942233e-03,1.000218470116159608e+00
6.400000000000000000e+01,-9.997433906123601721e-01,5.872535326805395500e-02,1.001466681517441115e+00
6.500000000000000000e+01,-9.968071229489574581e-01,1.085657094155018376e-01,1.002701826877097746e+00
6.600000000000000000e+01,-9.913788374781823398e-01,1.581346512894109546e-01,1.003911633231738154e+00
6.700000000000000000e+01,-9.834721049137118420e-01,2.073082565350965467e-01,1.005084123032011778e+00
6.800000000000000000e+01,-9.731066920869569925e-01,2.559635911394443908e-01,1.006207729136195939e+00
6.900000000000000000e+01,-9.603085125299847258e-01,3.039790167659436326e-01,1.007271404275700499e+00
7.000000000000000000e+01,-9.451095616916875830e-01,3.512344948505280451e-01,1.008264724154306347e+00
7.100000000000000000e+01,-9.275478369491612085e-01,3.976118866979860833e-01,1.009177983446230220e+00
7.200000000000000000e+01,-9.076672426142619043e-01,4.429952488286991730e-01,1.010002284056713551e+00
7.300000000000000000e+01,-8.855174801728269429e-01,4.872711228373405312e-01,1.010729615101287004e+00
7.400000000000000000e+01,-8.611539240309599164e-01,5.303288190388885104e-01,1.011352924145227705e+00
7.500000000000000000e+01,-8.346374830790155297e-01,5.720606931928392536e-01,1.011866179322515658e+00
7.600000000000000000e+01,-8.060344484193735504e-01,6.123624156138078867e-01,1.012264422023762434e+00
7.700000000000000000e+01,-7.754163276386831782e-01,6.511332319957420234e-01,1.012543809905468883e+00
7.800000000000000000e+01,-7.428596660388960826e-01,6.882762152976867887e-01,1.012701650029231404e+00
7.900000000000000000e+01,-7.084458552740117154e-01,7.236985080613873578e-01,1.012736421990047653e+00
8.000000000000000000e+01,-6.722609298709423253e-01,7.573115545549344851e-01,1.012647790938861148e+00
8.100000000000000000e+01,-6.343953521431956455e-01,7.890313221620942619e-01,1.012436610447168484e+00
8.200000000000000000e+01,-5.949437860350909046e-01,8.187785114638488349e-01,1.012104915202334032e+00
8.300000000000000000e+01,-5.540048604618984518e-01,8.464787544869437630e-01,1.011655903562656666e+00
8.400000000000000000e+01,-5.116809227375512803e-01,8.720628006238213548e-01,1.011093910042689670e+00
8.500000000000000000e+01,-4.680777827063601904e-01,8.954666897591393449e-01,1.010424367843280491e+00
8.600000000000000000e+01,-4.233044482184032398e-01,9.166319121700594597e-01,1.009653761588608312e+00
8.700000000000000000e+01,-3.774728526099002668e-01,9.355055548005544175e-01,1.008789570485415288e+00
8.800000000000000000e+01,-3.306975748698725570e-01,9.520404335440479926e-01,1.007840202178675648e+00
8.900000000000000000e+01,-2.830955531926701574e-01,9.661952112036814588e-01,1.006814917643948259e+00
9.000000000000000000e+01,-2.347857926324860844e-01,9.779345008353057533e-01,1.005723747530137269e+00
9.100000000000000000e+01,-1.858890675907207968e-01,9.872289542148418029e-01,1.004577400447510538e+00
9.200000000000000000e+01,-1.365276198799786900e-01,9.940553352088407069e-01,1.003387163784375202e+00
9.300000000000000000e+01,-8.682485311953665186e-02,9.983965778648175027e-01,1.002164797731095680e+00
9.400000000000000000e+01,-3.690502422629577534e-02,1.000241829076132349e+00,1.000922423290991237e+00
9.500000000000000000e+01,1.310706722751084352e-02,9.995864757147567836e-01,9.996724051623884222e-01
9.600000000000000000e+01,6.308639101324868548e-02,9.964321561640943070e-01,9.984272304824736155e-01
9.700000000000000000e+01,1.129079988214534008e-01,9.907867562230215919e-01,9.971993845288927849e-01
9.800000000000000000e+01,1.624473366326044665e-01,9.826643893913913352e-01,9.960012245760456739e-01
9.900000000000000000e+01,2.115805561021740222e-01,9.720853615862826702e-01,9.948448531961349151e-01
1.000000000000000000e+02,2.601848241814881391e-01,9.590761203772082411e-01,9.937419923763658458e-01
1.010000000000000000e+02,3.081386302003485400e-01,9.436691888671908668e-01,9.927038598892466981e-01
1.020000000000000000e+02,3.553220896437080945e-01,9.259030843850054593e-01,9.917410493987015574e-01
1.030000000000000000e+02,4.016172438629583841e-01,9.058222221918574846e-01,9.908634158069787867e-01
1.040000000000000000e+02,4.469083549725512694e-01,8.834768044432299572e-01,9.900799673427864711e-01
1.050000000000000000e+02,4.910821951947127451e-01,8.589226946834943588e-01,9.893987658571306021e-01
1.060000000000000000e+02,5.340283299288874908e-01,8.322212781870499398e-01,9.888268367282129212e-01
1.070000000000000000e+02,5.756393938382400322e-01,8.034393084951378938e-01,9.883700896797726898e-01
1.080000000000000000e+02,6.158113592629969046e-01,7.726487405319880652e-01,9.880332516889334116e-01
1.090000000000000000e+02,6.544437962895963690e-01,7.399265507175082357e-01,9.878198130016667688e-01
1.100000000000000000e+02,6.914401238254718196e-01,7.053545445262346947e-01,9.877319870894106790e-01
1.110000000000000000e+02,7.267078510517835932e-01,6.690191519736454762e-01,9.877706851733538684e-01
1.120000000000000000e+02,7.601588086504658115e-01,6.310112115411221634e-01,9.879355057186123279e-01
1.130000000000000000e+02,7.917093692275218864e-01,5.914257430797460469e-01,9.882247390649914198e-01
1.140000000000000000e+02,8.212806563815091554e-01,5.503617102606706002e-01,9.886353871207993471e-01
1.150000000000000000e+02,8.487987418945426299e-01,5.079217731659434465e-01,9.891631978080233090e-01
1.160000000000000000e+02,8.741948305528397523e-01,4.642120316383014367e-01,9.898027137177729529e-01
1.170000000000000000e+02,8.974054321347548768e-01,4.193417600315637039e-01,9.905473342204983433e-01
1.180000000000000000e+02,9.183725201363330815e-01,3.734231340247470277e-01,9.913893900816287408e-01
1.190000000000000000e+02,9.370436768375703940e-01,3.265709501828685246e-01,9.923202294645688815e-01
1.200000000000000000e+02,9.533722243467138702e-01,2.789023389655328478e-01,9.933303140628729766e-01
1.210000000000000000e+02,9.673173412949904737e-01,2.305364719007833296e-01,9.944093239941336204e-01
1.220000000000000000e+02,9.788441648900296777e-01,1.815942636562818402e-01,9.955462700106543217e-01
1.230000000000000000e+02,9.879238780728437641e-01,1.321980697526396464e-01,9.967296115360528841e-01
1.240000000000000000e+02,9.945337815604757825e-01,8.247138067461584621e-02,9.979473790212375350e-01
1.250000000000000000e+02,9.986573505942065720e-01,3.253851314490551622e-02,9.991872991254048264e-01
1.260000000000000000e+02,1.000284276251451887e+00,-1.747570066766707814e-02,1.000436921264762580e+00
1.270000000000000000e+02,9.994104912180685751e-01,-6.744622522857050828e-02,1.001683744130014375e+00
1.280000000000000000e+02,9.960381799566400129e-01,-1.172481342264025117e-01,1.002915340849320325e+00
1.290000000000000000e+02,9.901757732453199123e-01,-1.667569228886685018e-01,1.004119481562460559e+00
1.300000000000000000e+02,9.818379271008864650e-01,-2.158488192437128250e-01,1.005284252270307155e+00
1.310000000000000000e+02,9.710454861387007863e-01,-2.644010935506478921e-01,1.006398168927748138e+00
1.320000000000000000e+02,9.578254314611683862e-01,-3.122923651237062836e-01,1.007450285854508909e+00
1.330000000000000000e+02,9.422108132049831219e-01,-3.594029057839554508e-01,1.008430297643990059e+00
1.340000000000000000e+02,9.242406679157852967e-01,-4.056149391797447268e-01,1.009328633852822454e+00
1.350000000000000000e+02,9.039599209567981131e-01,-4.508129352275846435e-01,1.010136545851466172e+00
1.360000000000000000e+02,8.814192741954188781e-01,-4.948838989373555708e-01,1.010846185307447076e+00
1.370000000000000000e+02,8.566750792485511301e-01,-5.377176528997831273e-01,1.011450673856892912e+00
1.380000000000000000e+02,8.297891966035619848e-01,-5.792071127299611710e-01,1.011944163596471880e+00
1.390000000000000000e+02,8.008288409670639707e-01,-6.192485547783144195e-01,1.012321888096707090e+00
1.400000000000000000e+02,7.698664132281483052e-01,-6.577418754397218459e-01,1.012580203699310122e+00
1.410000000000000000e+02,7.369793194561622407e-01,-6.945908414125299135e-01,1.012716620916352062e+00
1.420000000000000000e+02,7.022497773855357339e-01,-7.297033302818066725e-01,1.012729825798763583e+00
1.430000000000000000e+02,6.657646108714454503e-01,-7.629915608253790005e-01,1.012619691186950721e+00
1.440000000000000000e+02,6.276150328301765002e-01,-7.943723124668877755e-01,1.012387277798577623e+00
1.450000000000000000e+02,5.878964172068321670e-01,-8.237671333272293950e-01,1.012034825149209505e+00
1.460000000000000000e+02,5.467080605404707194e-01,-8.511025363542529254e-01,1.011565732341979551e+00
1.470000000000000000e+02,5.041529337227580454e-01,-8.763101830403908776e-01,1.010984528804247828e+00
1.480000000000000000e+02,4.603374245707385071e-01,-8.993270542689277836e-01,1.010296835093749790e+00
1.490000000000000000e+02,4.153710718572921068e-01,-9.200956078617923417e-01,1.009509313945362807e+00
1.500000000000000000e+02,3.693662914642024675e-01,-9.385639224350024179e-01,1.008629611783530500e+00
1.510000000000000000e+02,3.224380953424523244e-01,-9.546858272021250258e-01,1.007666290985599122e+00
1.520000000000000000e+02,2.747038039823460620e-01,-9.684210174012423122e-01,1.006628753248598906e+00
1.530000000000000000e+02,2.262827531122839353e-01,-9.797351550568564882e-01,1.005527154486818286e+00
1.540000000000000000e+02,1.772959953594410998e-01,-9.885999548248285418e-01,1.004372311769966997e+00
1.550000000000000000e+02,1.278659976181996671e-01,-9.949932547057385168e-01,1.003175602901513974e+00
1.560000000000000000e+02,7.811633488291273852e-02,-9.988990714498841017e-01,1.001948859333139819e+00
1.570000000000000000e+02,2.817138131041853344e-02,-1.000307640515404994e+00,1.000704253212922890e+00
1.580000000000000000e+02,-2.184400071535171767e-02,-9.992154404796373957e-01,9.994541794700585458e-01
1.590000000000000000e+02,-7.180477273933358329e-02,-9.956252018426706707e-01,9.982111339453222376e-01
1.600000000000000000e+02,-1.215860328314671279e-01,-9.895459002010973393e-01,9.969875886812707977e-01
1.610000000000000000e+02,-1.710633278415220060e-01,-9.809927338090211890e-01,9.957958655860713604e-01
1.620000000000000000e+02,-2.201129645319730710e-01,-9.699870855824225258e-01,9.946480097761898342e-01
1.630000000000000000e+02,-2.686123188110942084e-01,-9.565564696418678015e-01,9.935556639820370961e-01
1.640000000000000000e+02,-3.164401422931876207e-01,-9.407344625272083816e-01,9.925299454630517326e-01
1.650000000000000000e+02,-3.634768654195480453e-01,-9.225606192562310071e-01,9.915813269206216196e-01
1.660000000000000000e+02,-4.096048963823595845e-01,-9.020803744371129751e-01,9.907195229150405069e-01
1.670000000000000000e+02,-4.547089151042152388e-01,-8.793449286819021715e-01,9.899533832831888258e-01
1.680000000000000000e+02,-4.986761615383103474e-01,-8.544111206049866958e-01,9.892907950143133844e-01
1.690000000000000000e+02,-5.413967175685596711e-01,-8.273412847265586567e-01,9.887385939706224702e-01
1.700000000000000000e+02,-5.827637818048876373e-01,-7.982030956363143082e-01,9.883024877368921102e-01
1.710000000000000000e+02,-6.226739365867033360e-01,-7.670693988069791081e-01,9.879869907496161563e-01
1.720000000000000000e+02,-6.610274065270522748e-01,-7.340180284806264721e-01,9.877953726933866863e-01
1.730000000000000000e+02,-6.977283079510836483e-01,-6.991316130830722564e-01,9.877296209633590340e-01
1.740000000000000000e+02,-7.326848886052372833e-01,-6.624973686528103922e-01,9.877904177822169896e-01
1.750000000000000000e+02,-7.658097570378777919e-01,-6.242068808009164638e-01,9.879771323333464972e-01
1.760000000000000000e+02,-7.970201010779236483e-01,-5.843558757470203036e-01,9.882878280350976263e-01
1.770000000000000000e+02,-8.262378948652746580e-01,-5.430439810037566151e-01,9.887192848406513024e-01
1.780000000000000000e+02,-8.533900939154624998e-01,-5.003744763079834845e-01,9.892670362109164950e-01
1.790000000000000000e+02,-8.784088177308616574e-01,-4.564540354214404183e-01,9.899254201806557685e-01
1.800000000000000000e+02,-9.012315195019336977e-01,-4.113924594463437279e-01,9.906876437268590241e-01
1.810000000000000000e+02,-9.218011424742509341e-01,-3.653024023226311701e-01,9.915458594586131769e-01
1.820000000000000000e+02,-9.400662625903825065e-01,-3.182990891931120614e-01,9.924912534837849742e-01
1.830000000000000000e+02,-9.559812170500381345e-01,-2.705000283406101547e-01,9.935141431729811456e-01
1.840000000000000000e+02,-9.695062184670686367e-01,-2.220247174172567117e-01,9.946040834374891837e-01
1.850000000000000000e+02,-9.806074543379315056e-01,-1.729943447003601253e-01,9.957499800659930234e-01
1.860000000000000000e+02,-9.892571715729494564e-01,-1.235314861217126498e-01,9.969402086243441818e-01
1.870000000000000000e+02,-9.954337458790351034e-01,-7.375979882776088903e-02,9.981627374120309870e-01
1.880000000000000000e+02,-9.991217358204231846e-01,-2.380371203673972702e-02,9.994052529857663236e-01
1.890000000000000000e+02,-1.000311921422260220e+00,2.621188403437328673e-02,1.000655286801666488e+00
1.900000000000000000e+02,-9.990013272205415795e-01,7.616195039540037126e-02,1.001900341589139654e+00
1.910000000000000000e+02,-9.951932297007715089e-01,1.259216118804389328e-01,1.003128016147899482e+00
1.920000000000000000e+02,-9.888971491067495290e-01,1.753664693357764037e-01,1.004326127350450237e+00
1.930000000000000000e+02,-9.801288256399607324e-01,2.243729106177744514e-01,1.005482828232019399e+00
1.940000000000000000e+02,-9.689101801090720389e-01,2.728184196232280589e-01,1.006586721154571151e+00
1.950000000000000000e+02,-9.552692591279106082e-01,3.205818825796236116e-01,1.007626965137933706e+00
1.960000000000000000e+02,-9.392401649989294832e-01,3.675438908295700635e-01,1.008593376556357946e+00
1.970000000000000000e+02,-9.208629704574510244e-01,4.135870393524426203e-01,1.009476522500666773e+00
1.980000000000000000e+02,-9.001836184898288629e-01,4.585962202769340856e-01,1.010267806202757468e+00
1.990000000000000000e+02,-8.772538074759821392e-01,5.024589106507332259e-01,1.010959544009268907e+00
2.000000000000000000e+02,-8.521308619434454501e-01,5.450654537479054929e-01,1.011545033473986832e+00
2.010000000000000000e+02,-8.248775892560501477e-01,5.863093332107079947e-01,1.012018612213657853e+00
2.020000000000000000e+02,-7.955621225955147313e-01,6.260874393404837202e-01,1.012375707239463907e+00
2.030000000000000000e+02,-7.642577506284905509e-01,6.643003268719082088e-01,1.012612874536880536e+00
2.040000000000000000e+02,-7.310427342848951904e-01,7.008524635861529406e-01,1.012727828720785039e+00
2.050000000000000000e+02,-6.960001111055875711e-01,7.356524691414323414e-01,1.012719462641493928e+00
2.060000000000000000e+02,-6.592174876485159540e-01,7.686133435238581280e-01,1.012587856862082747e+00
2.070000000000000000e+02,-6.207868204723230310e-01,7.996526845474742906e-01,1.012334278969214241e+00
2.080000000000000000e+02,-5.808041862449493387e-01,8.286928938597217797e-01,1.011961172720207580e+00
2.090000000000000000e+02,-5.393695415519632608e-01,8.556613709373199761e-01,1.011472137069681532e+00
2.100000000000000000e+02,-4.965864730050972842e-01,8.804906945875747848e-01,1.010871895161277179e+00
2.110000000000000000e+02,-4.525619382757185560e-01,9.031187915013607626e-01,1.010166253415126558e+00
2.120000000000000000e+02,-4.074059987006505290e-01,9.234890914363932390e-01,1.009362050891200013e+00
2.130000000000000000e+02,-3.612315441288308504e-01,9.415506686428347649e-01,1.008467099163611103e+00
2.140000000000000000e+02,-3.141540106966891344e-01,9.572583691776692660e-01,1.007490113002359022e+00
2.150000000000000000e+02,-2.662910922378056711e-01,9.705729237895595052e-01,1.006440632227563414e+00
2.160000000000000000e+02,-2.177624460483277014e-01,9.814610460919759305e-01,1.005328935177390859e+00
2.170000000000000000e+02,-1.686893937437289048e-01,9.898955157791623494e-01,1.004165944314644010e+00
2.180000000000000000e+02,-1.191946179547707929e-01,9.958552466769008404e-01,1.002963124587985311e+00
2.190000000000000000e+02,-6.940185562092573979e-02,9.993253394579471038e-01,1.001732375261161767e+00
2.200000000000000000e+02,-1.943558864802838460e-02,1.000297118890348447e+00,1.000485916026021327e+00
2.210000000000000000e+02,3.057926729648904191e-02,9.987681555255240040e-01,9.992361683207066081e-01
2.220000000000000000e+02,8.051767507276524904e-02,9.947422717718857887e-01,9.979956328807334520e-01
2.230000000000000000e+02,1.302547886613595329e-01,9.882295323388178288e-01,9.967767646548619798e-01
2.240000000000000000e+02,1.796662652783004299e-01,9.792462190749028350e-01,9.955918463163231369e-01
2.250000000000000000e+02,2.286285762320455772e-01,9.678147902633005284e-01,9.944528616894260376e-01
2.260000000000000000e+02,2.770193157452106036e-01,9.539638244760400010e-01,9.933713704878440742e-01
2.270000000000000000e+02,3.247175069690125815e-01,9.377279491275893886e-01,9.923583858199644947e-01
2.280000000000000000e+02,3.716039044253920398e-01,9.191477539063197533e-01,9.914242559546485589e-01
2.290000000000000000e+02,4.175612921207080275e-01,8.982696893002843908e-01,9.905785518539883538e-01
2.300000000000000000e+02,4.624747765857222248e-01,8.751459504709983017e-01,9.898299619650845482e-01
2.310000000000000000e+02,5.062320741092721788e-01,8.498343467655347094e-01,9.891861957181664611e-01
2.320000000000000000e+02,5.487237914475489031e-01,8.223981571931572310e-01,9.886538971021527900e-01
2.330000000000000000e+02,5.898436993072068146e-01,7.929059722277969069e-01,9.882385695807053283e-01
2.340000000000000000e+02,6.294889979185966933e-01,7.614315223318670611e-01,9.879445134728891409e-01
2.350000000000000000e+02,6.675605740351900907e-01,7.280534936301075177e-01,9.877747767549024394e-01
2.360000000000000000e+02,7.039632487166954666e-01,6.928553311942727833e-01,9.877311200463866347e-01
2.370000000000000000e+02,7.386060152764091224e-01,6.559250304304523604e-01,9.878139963311336480e-01
2.380000000000000000e+02,7.714022667979317793e-01,6.173549170905557881e-01,9.880225457330792382e-01
2.390000000000000000e+02,8.022700126524595632e-01,5.772414164579328100e-01,9.883546054305297757e-01
2.400000000000000000e+02,8.311320834753561648e-01,5.356848122841649795e-01,9.888067345513013029e-01
2.410000000000000000e+02,8.579163240895644194e-01,4.927889960796867364e-01,9.893742536556002776e-01
2.420000000000000000e+02,8.825557738935487784e-01,4.486612073850093085e-01,9.900512981886419039e-01
2.430000000000000000e+02,9.049888342627991911e-01,4.034117656718693157e-01,9.908308850771837539e-01
2.440000000000000000e+02,9.251594225463926069e-01,3.571537945445496520e-01,9.917049914586217874e-01
2.450000000000000000e+02,9.430171122736200617e-01,3.100029389308686656e-01,9.926646443722336732e-01
2.460000000000000000e+02,9.585172592201635089e-01,2.620770759698605179e-01,9.937000201126324761e-01
2.470000000000000000e+02,9.716211130186565015e-01,2.134960203189276984e-01,9.948005518472698983e-01
2.480000000000000000e+02,9.822959140346029239e-01,1.643812246171975633e-01,9.959550440334772325e-01
2.490000000000000000e+02,9.905149752654628381e-01,1.148554758539244158e-01,9.971517921353658664e-01
2.500000000000000000e+02,9.962577490581590034e-01,6.504258840101645456e-02,9.983787061352690229e-01
2.510000000000000000e+02,9.995098784782098233e-01,1.506709447710596200e-02,9.996234363556648628e-01
2.520000000000000000e+02,1.000263233202065116e+00,-3.494606718299729520e-02,1.000873500152445583e+00
2.530000000000000000e+02,9.985159298429152619e-01,-8.487186367514305829e-02,1.002116408105242940e+00
2.540000000000000000e+02,9.942723366591581513e-01,-1.345854805081009853e-01,1.003339788411313105e+00
2.550000000000000000e+02,9.875430626337531326e-01,-1.839626336397886530e-01,1.004531508282214158e+00
2.560000000000000000e+02,9.783449309517636694e-01,-2.328798801873768476e-01,1.005679791243265564e+00
2.570000000000000000e+02,9.667009369423947840e-01,-2.812149270344965757e-01,1.006773329340979739e+00
2.580000000000000000e+02,9.526401905906699552e-01,-3.288469365640300790e-01,1.007801389370036160e+00
2.590000000000000000e+02,9.361978437624685068e-01,-3.756568287521535043e-01,1.008753912336215031e+00
2.600000000000000000e+02,9.174150023248608399e-01,-4.215275788683965352e-01,1.009621605472751593e+00
2.610000000000000000e+02,8.963386233814409909e-01,-4.663445100374685737e-01,1.010396026223095989e+00
2.620000000000000000e+02,8.730213978795675622e-01,-5.099955799314469518e-01,1.011069657691895829e+00
2.630000000000000000e+02,8.475216188829952646e-01,-5.523716608755967483e-01,1.011635975147443300e+00
2.640000000000000000e+02,8.199030358392154216e-01,-5.933668126675575305e-01,1.012089503232603382e+00
2.650000000000000000e+02,7.902346952058375562e-01,-6.328785474278494361e-01,1.012425863607527399e+00
2.660000000000000000e+02,7.585907678344451233e-01,-6.708080858195717422e-01,1.012641812806764907e+00
2.670000000000000000e+02,7.250503635434665251e-01,-7.070606039967450851e-01,1.012735270146524869e+00
2.680000000000000000e+02,6.896973333436292597e-01,-7.415454706639265092e-01,1.012705335565828646e+00
2.690000000000000000e+02,6.526200598104329176e-01,-7.741764736544481940e-01,1.012552297329382123e+00
2.700000000000000000e+02,6.139112361277104801e-01,-8.048720354608337457e-01,1.012277629561534331e+00
2.710000000000000000e+02,5.736676343546688317e-01,-8.335554171785671818e-01,1.011883979621091223e+00
2.720000000000000000e+02,5.319898634957405115e-01,-8.601549103533542295e-01,1.011375145367535477e+00
2.730000000000000000e+02,4.889821179780727833e-01,-8.846040162522578187e-01,1.010756042411791178e+00
2.740000000000000000e+02,4.447519171654599202e-01,-9.068416121105308259e-01,1.010032661490497752e+00
2.750000000000000000e+02,3.994098365599333955e-01,-9.268121039385275317e-01,1.009212016153093971e+00
2.760000000000000000e+02,3.530692313630069967e-01,-9.444655655066779287e-01,1.008302081007033113e+00
2.770000000000000000e+02,3.058459530876730947e-01,-9.597578631610615973e-01,1.007311720829056068e+00
2.780000000000000000e+02,2.578580599296200204e-01,-9.726507661575426456e-01,1.006250610920322419e+00
2.790000000000000000e+02,2.092255216217428770e-01,-9.831120422386298019e-01,1.005129149160693514e+00
2.800000000000000000e+02,1.600699195098113925e-01,-9.911155382141203507e-01,1.003958360302529274e+00
2.810000000000000000e+02,1.105141425991053722e-01,-9.966412453440756103e-01,1.002749793136555878e+00
2.820000000000000000e+02,6.068208033190158890e-02,-9.996753493606707064e-01,1.001515411260748500e+00
2.830000000000000000e+02,1.069831286386804803e-02,-1.000210265003864007e+00,1.000267478286299694e+00
2.840000000000000000e+02,-3.931220038632515790e-02,-9.982446549845477302e-01,9.990184384206496349e-01
2.850000000000000000e+02,-8.922443313555254718e-02,-9.937834333277700827e-01,9.977807934737424889e-01
2.860000000000000000e+02,-1.389136048019410374e-01,-9.868377530876730752e-01,9.965669774371400669e-01
2.870000000000000000e+02,-1.882554924563246967e-01,-9.774249784648568751e-01,9.953892298829635221e-01
2.880000000000000000e+02,-2.371267413795675461e-01,-9.655686413958785019e-01,9.942594695170747787e-01
2.890000000000000000e+02,-2.854051734493614489e-01,-9.512983827234103851e-01,9.931891692944684324e-01
2.900000000000000000e+02,-3.329700925855319515e-01,-9.346498780941338014e-01,9.921892345605232144e-01
2.910000000000000000e+02,-3.797025864902386361e-01,-9.156647487696218946e-01,9.912698857156471144e-01
2.920000000000000000e+02,-4.254858239287197530e-01,-8.943904575731859152e-01,9.904405469094418324e-01
2.930000000000000000e+02,-4.702053468073790210e-01,-8.708801902328169309e-01,9.897097422508251974e-01
2.940000000000000000e+02,-5.137493563190198564e-01,-8.451927224168659381e-01,9.890850009704124091e-01
2.950000000000000000e+02,-5.560089924398631256e-01,-8.173922727948728095e-01,9.885727728896641642e-01
2.960000000000000000e+02,-5.968786060796067439e-01,-7.875483424908924501e-01,9.881783554377653322e-01
2.970000000000000000e+02,-6.362560232041514219e-01,-7.557355413306848790e-01,9.879058333130465996e-01
2.980000000000000000e+02,-6.740428002706856381e-01,-7.220334013171505472e-01,9.877580317134154742e-01
2.990000000000000000e+02,-7.101444703365431543e-01,-6.865261778003234339e-01,9.877364838633281297e-01
3.000000000000000000e+02,-7.444707792265593538e-01,-6.493026388389954162e-01,9.878414133480553083e-01
3.010000000000000000e+02,-7.769359111685091301e-01,-6.104558432805700097e-01,9.880717315350304730e-01
3.020000000000000000e+02,-8.074587033325376639e-01,-5.700829081139431320e-01,9.884250501232318964e-01
3.030000000000000000e+02,-8.359628487382347872e-01,-5.282847656770314204e-01,9.888977086215645640e-01
3.040000000000000000e+02,-8.623770870220863749e-01,-4.851659113259271239e-01,9.894848163228259219e-01
3.050000000000000000e+02,-8.866353825883827033e-01,-4.408341421965079610e-01,9.901803081175563070e-01
3.060000000000000000e+02,-9.086770896982081513e-01,-3.954002877115975201e-01,9.909770132878055193e-01
3.070000000000000000e+02,-9.284471040837880551e-01,-3.489779325074081062e-01,9.918667362396611509e-01
3.080000000000000000e+02,-9.458960007091584687e-01,-3.016831324719501661e-01,9.928403479793055375e-01
3.090000000000000000e+02,-9.609801573327559909e-01,-2.536341246053123721e-01,9.938878870132141774e-01
3.100000000000000000e+02,-9.736618635630216456e-01,-2.049510314271612843e-01,9.949986682604522459e-01
3.110000000000000000e+02,-9.839094151343796835e-01,-1.557555606704423001e-01,9.961613985041986030e-01
3.120000000000000000e+02,-9.916971931679018359e-01,-1.061707010120472028e-01,9.973642968797731267e-01
3.130000000000000000e+02,-9.970057282185041947e-01,-5.632041460112199166e-02,9.985952188957005760e-01
3.140000000000000000e+02,-9.998217489485602405e-01,-6.329327153693976860e-03,9.998417825100011092e-01
3.150000000000000000e+02,-1.000138215306245026e+00,4.367758361161827585e-02,1.001091494832570650e+00
3.160000000000000000e+02,-9.979543361256640877e-01,9.357530041790149133e-02,1.002331878092438622e+00
3.170000000000000000e+02,-9.932755711047690506e-01,1.432390789731399494e-01,1.003550593591862050e+00
3.180000000000000000e+02,-9.861136171561120101e-01,1.925447598309455444e-01,1.004735562463610510e+00
3.190000000000000000e+02,-9.764863791645647106e-01,2.413690787891737966e-01,1.005875082149595867e+00
3.200000000000000000e+02,-9.644179252251060541e-01,2.895899750504291048e-01,1.006957937624609167e+00
3.210000000000000000e+02,-9.499384264725846405e-01,3.370868963740583091e-01,1.007973506495237759e+00
3.220000000000000000e+02,-9.330840816538816807e-01,3.837411004567524153e-01,1.008911857208362406e+00
3.230000000000000000e+02,-9.138970266310441071e-01,4.294359517883046262e-01,1.009763839703814226e+00
3.240000000000000000e+02,-8.924252290416289091e-01,4.740572132403860772e-01,1.010521167940209297e+00
3.250000000000000000e+02,-8.687223683796095886e-01,5.174933316593666177e-01,1.011176493810546084e+00
3.260000000000000000e+02,-8.428477017966412577e-01,5.596357167491986528e-01,1.011723472044248506e+00
3.270000000000000000e+02,-8.148659159591813417e-01,6.003790125471577532e-01,1.012156815764778450e+00
3.280000000000000000e+02,-7.848469653318234096e-01,6.396213608137488738e-01,1.012472342436969708e+00
3.290000000000000000e+02,-7.528658972911359548e-01,6.772646556783056271e-01,1.012667009996396139e+00
3.300000000000000000e+02,-7.190026645072207234e-01,7.132147889036666299e-01,1.012738943005246917e+00
3.310000000000000000e+02,-6.833419250620373919e-01,7.473818851567685106e-01,1.012687448726395711e+00
3.320000000000000000e+02,-6.459728308041989830e-01,7.796805266969784043e-01,1.012513023050897853e+00
3.330000000000000000e+02,-6.069888044693501072e-01,8.100299669204459319e-01,1.012217346255372963e+00
3.340000000000000000e+02,-5.664873061233277607e-01,8.383543322266122644e-01,1.011803268606103146e+00
3.350000000000000000e+02,-5.245695895119971697e-01,8.645828117022120729e-01,1.011274785867663173e+00
3.360000000000000000e+02,-4.813404489268865438e-01,8.886498341485563612e-01,1.010637004816958617e+00
3.370000000000000000e+02,-4.369079572194587424e-01,9.104952320095293095e-01,1.009896098910064710e+00
3.380000000000000000e+02,-3.913831956189822714e-01,9.300643917904783953e-01,1.009059254300518793e+00
3.390000000000000000e+02,-3.448799760294583572e-01,9.473083905919512659e-01,1.008134606464827554e+00
3.400000000000000000e+02,-2.975145564998608050e-01,9.621841184169442895e-01,1.007131167754777179e+00
3.410000000000000000e+02,-2.494053505790135850e-01,9.746543859458949299e-01,1.006058746267339155e+00
3.420000000000000000e+02,-2.006726312817188329e-01,9.846880175099809174e-01,1.004927856501781624e+00
3.430000000000000000e+02,-1.514382304062197870e-01,9.922599290302919206e-01,1.003749622359962457e+00
3.440000000000000000e+02,-1.018252339547051910e-01,9.973511907280271371e-01,1.002535673139137717e+00
3.450000000000000000e+02,-5.195767441830383138e-02,9.999490744489423211e-01,1.001298033265947574e+00
3.460000000000000000e+02,-1.960220695856711159e-03,1.000047085483735110e+00,1.000049006624020187e+00
3.470000000000000000e+02,4.804213357833004433e-02,9.976449788048186162e-01,9.988010564337750363e-01
3.480000000000000000e+02,9.792438251857096820e-02,9.927487596788900914e-01,9.975666817489535765e-01
3.490000000000000000e+02,1.475618205025154839e-01,9.853706686537643256e-01,9.963582917370553682e-01
3.500000000000000000e+02,1.968303539352037057e-01,9.755291509570040986e-01,9.951880790067527682e-01
3.510000000000000000e+02,2.456068114830539106e-01,9.632488103828513726e-01,9.940678933306571485e-01
3.520000000000000000e+02,2.937692520021965015e-01,9.485603477827415642e-01,9.930091171825390362e-01
3.530000000000000000e+02,3.411972693913336019e-01,9.315004843131748924e-01,9.920225445602441905e-01
3.540000000000000000e+02,3.877722936069923354e-01,9.121118696328253117e-01,9.911182645952578696e-01
3.550000000000000000e+02,4.333778870886336176e-01,8.904429752783936669e-01,9.903055514537150161e-01
3.560000000000000000e+02,4.779000358525533065e-01,8.665479734857659544e-01,9.895927620087767718e-01
3.570000000000000000e+02,5.212274345268416154e-01,8.404866017594239125e-01,9.889872427086900952e-01
3.580000000000000000e+02,5.632517646148128554e-01,8.123240135286832198e-01,9.884952469774697104e-01
3.590000000000000000e+02,6.038679652912469775e-01,7.821306152641208653e-01,9.881218643661432433e-01
3.600000000000000000e+02,6.429744960544530041e-01,7.499818904613981818e-01,9.878709625232086067e-01
3.610000000000000000e+02,6.804735905775228799e-01,7.159582109325219879e-01,9.877451428760173346e-01
3.620000000000000000e+02,7.162715011241489460e-01,6.801446358763145739e-01,9.877457107140310555e-01
3.630000000000000000e+02,7.502787329179646525e-01,6.426306992304163801e-01,9.878726601452033629e-01
3.640000000000000000e+02,7.824102678794854215e-01,6.035101858364421146e-01,9.881246741639361231e-01
3.650000000000000000e+02,8.125857771713075328e-01,5.628808969778766880e-01,9.884991398295279730e-01
3.660000000000000000e+02,8.407298220202014116e-01,5.208444058768666451e-01,9.889921783145434464e-01
3.670000000000000000e+02,8.667720423140446995e-01,4.775058037611644157e-01,9.895986893498069925e-01
3.680000000000000000e+02,8.906473325021029286e-01,4.329734371360592915e-01,9.903124093731858757e-01
3.690000000000000000e+02,9.122960043589058987e-01,3.873586369181140077e-01,9.911259824887470593e-01
3.700000000000000000e+02,9.316639362048115824e-01,3.407754401078734174e-01,9.920310431661693018e-01
3.710000000000000000e+02,9.487027082102053033e-01,2.933403046973631634e-01,9.930183094612705652e-01
3.720000000000000000e+02,9.633697234450734337e-01,2.451718185251094972e-01,9.940776854197796997e-01
3.730000000000000000e+02,9.756283143713289085e-01,1.963904028065430463e-01,9.951983712394010251e-01
3.740000000000000000e+02,9.854478345116560734e-01,1.471180110809602315e-01,9.963689797098912448e-01
3.750000000000000000e+02,9.928037350657040738e-01,9.747782432767501670e-02,9.975776574262625873e-01
3.760000000000000000e+02,9.976776262820877816e-01,4.759394301357062346e-02,9.988122092743161318e-01
3.770000000000000000e+02,1.000057323432766321e+00,-2.408923158067698134e-03,1.000060224717636670e+00
3.780000000000000000e+02,9.999368772748629119e-01,-5.240576702181084373e-02,1.001309204467505376e+00
3.790000000000000000e+02,9.973165889237723958e-01,-1.022715964679994649e-01,1.002546686188060754e+00
3.800000000000000000e+02,9.922030091003724017e-01,-1.518817469230180905e-01,1.003760367974458889e+00
3.810000000000000000e+02,9.846089217542215444e-01,-2.011121930107291622e-01,1.004938228437746162e+00
3.820000000000000000e+02,9.745533121036851210e-01,-2.498398586159134294e-01,1.006068642332859087e+00
3.830000000000000000e+02,9.620613191728893954e-01,-2.979429245745578991e-01,1.007140490772127084e+00
3.840000000000000000e+02,9.471641729441615531e-01,-3.453011332217659768e-01,1.008143265172779524e+00
3.850000000000000000e+02,9.298991162830732016e-01,-3.917960890359196702e-01,1.009067164190710741e+00
3.860000000000000000e+02,9.103093118312771681e-01,-4.373115546274835008e-01,1.009903182992033077e+00
3.870000000000000000e+02,8.884437340999029598e-01,-4.817337413324786488e-01,1.010643194307252246e+00
3.880000000000000000e+02,8.643570470332789801e-01,-5.249515936841425701e-01,1.011280020799190549e+00
3.890000000000000000e+02,8.381094673490718794e-01,-5.668570670515962195e-01,1.011807498354545087e+00
3.900000000000000000e+02,8.097666139964920795e-01,-6.073453977514208235e-01,1.012220529980090600e+00
3.910000000000000000e+02,7.793993441089210883e-01,-6.463153649568669223e-01,1.012515130048309064e+00
3.920000000000000000e+02,7.470835758610777644e-01,-6.836695437499208383e-01,1.012688458694281701e+00
3.930000000000000000e+02,7.129000986735817280e-01,-7.193145486835998970e-01,1.012738846216878263e+00
3.940000000000000000e+02,6.769343712394016999e-01,-7.531612672455699764e-01,1.012665807383776873e+00
3.950000000000000000e+02,6.392763078771231955e-01,-7.851250826394261528e-01,1.012470045582866796e+00
3.960000000000000000e+02,6.000200537451518823e-01,-8.151260853266837358e-01,1.012153446803566004e+00
3.970000000000000000e+02,5.592637494788177399e-01,-8.430892728006246228e-01,1.011719063471965940e+00
3.980000000000000000e+02,5.171092858387864588e-01,-8.689447370925639236e-01,1.011171088204940949e+00
3.990000000000000000e+02,4.736620489841582571e-01,-8.926278395417718281e-01,1.010514817591945169e+00
4.000000000000000000e+02,4.290306570070696601e-01,-9.140793723921253333e-01,1.009756606160464587e+00
4.010000000000000000e+02,3.833266883874634212e-01,-9.332457068114985432e-01,1.008903810733309259e+00
4.020000000000000000e+02,3.366644030468884941e-01,-9.500789269638429957e-01,1.007964725444142173e+00
4.030000000000000000e+02,2.891604566986963332e-01,-9.645369497987777985e-01,1.006948507742738919e+00
4.040000000000000000e+02,2.409336092087574488e-01,-9.765836302592156848e-01,1.005865095793976982e+00
4.050000000000000000e+02,1.921044276957966646e-01,-9.861888516440054930e-01,1.004725117754727837e+00
4.060000000000000000e+02,1.427949851135963955e-01,-9.933286008996853322e-01,1.003539793500446420e+00
4.070000000000000000e+02,9.312855506861211774e-02,-9.979850286531158909e-01,1.002320829467754804e+00
4.080000000000000000e+02,4.322930363595631903e-02,-1.000146493834913608e+00,1.001080307379543122e+00
4.090000000000000000e+02,-6.778021055789361371e-03,-9.998075927821241660e-01,9.998305677234611277e-01
4.100000000000000000e+02,-5.676840069489557522e-02,-9.969691727473793952e-01,9.985840889609899351e-01
4.110000000000000000e+02,-1.066168593322645575e-01,-9.916383297807661590e-01,9.973533635498821326e-01
4.120000000000000000e+02,-1.561987758213028710e-01,-9.838283909897009849e-01,9.961507719644940861e-01
4.130000000000000000e+02,-2.053901953707879258e-01,-9.735588812211616316e-01,9.949884559928573458e-01
4.140000000000000000e+02,-2.540681394318460296e-01,-9.608554742495692969e-01,9.938781926723840865e-01
4.150000000000000000e+02,-3.021109131443244777e-01,-9.457499285923530730e-01,9.928312702938695278e-01
4.160000000000000000e+02,-3.493984095739421369e-01,-9.282800081136559633e-01,9.918583679519417107e-01
4.170000000000000000e+02,-3.958124099796249684e-01,-9.084893876146746816e-01,9.909694401455402257e-01
4.180000000000000000e+02,-4.412368793603587136e-01,-8.864275436466567681e-01,9.901736079310099470e-01
4.190000000000000000e+02,-4.855582565426915798e-01,-8.621496308195222280e-01,9.894790581002798069e-01
4.200000000000000000e+02,-5.286657380836676801e-01,-8.357163439153388884e-01,9.888929517954762050e-01
4.210000000000000000e+02,-5.704515552794345856e-01,-8.071937661513671758e-01,9.884213438783856498e-01
4.220000000000000000e+02,-6.108112435870030055e-01,-7.766532039720169811e-01,9.880691142487454393e-01
4.230000000000000000e+02,-6.496439037856038823e-01,-7.441710087827367870e-01,9.878399121510099690e-01
4.240000000000000000e+02,-6.868524542247407272e-01,-7.098283860714997839e-01,9.877361143278197142e-01
4.250000000000000000e+02,-7.223438735283157497e-01,-6.737111923950840353e-01,9.877587976739550246e-01
4.260000000000000000e+02,-7.560294331480699181e-01,-6.359097207376804839e-01,9.879077268221292396e-01
4.270000000000000000e+02,-7.878249191849538979e-01,-5.965184747784327834e-01,9.881813568575187334e-01
4.280000000000000000e+02,-8.176508429238755760e-01,-5.556359326322389824e-01,9.885768511179200413e-01
4.290000000000000000e+02,-8.454326395554875306e-01,-5.133643006544645893e-01,9.890901137976289004e-01
4.300000000000000000e+02,-8.711008545882107379e-01,-4.698092579250540690e-01,9.897158368422731556e-01
4.310000000000000000e+02,-8.945913174844634108e-01,-4.250796920508309040e-01,9.904475604052025428e-01
4.320000000000000000e+02,-9.158453020870049865e-01,-3.792874269464806547e-01,9.912777459393100621e-01
4.330000000000000000e+02,-9.348096734343289693e-01,-3.325469432747641951e-01,9.921978608260481058e-01
4.340000000000000000e+02,-9.514370205980672290e-01,-2.849750922448608392e-01,9.931984732995182696e-01
4.350000000000000000e+02,-9.656857752103102932e-01,-2.366908034843453190e-01,9.942693563102520393e-01
4.360000000000000000e+02,-9.775203153845275494e-01,-1.878147877151189471e-01,9.953995988917925253e-01
4.370000000000000000e+02,-9.869110547702835134e-01,-1.384692349766047659e-01,9.965777235433269654e-01
4.380000000000000000e+02,-9.938345165191136976e-01,-8.877750915064908099e-02,9.977918081222024727e-01
4.390000000000000000e+02,-9.982733919766461073e-01,-3.886383955181677008e-02,9.990296107489846644e-01
4.400000000000000000e+02,-1.000216583954236960e+00,1.114698964589508345e-02,1.000278696261821310e+00
4.410000000000000000e+02,-9.996592344719421597e-01,6.112995136949219560e-02,1.001526562812722343e+00
4.420000000000000000e+02,-9.966027369034675676e-01,1.109600882146655754e-01,1.002760767272079079e+00
4.430000000000000000e+02,-9.910547324927342361e-01,1.605128248393022927e-01,1.003969048195280545e+00
4.440000000000000000e+02,-9.830290912507690937e-01,2.096642794018407363e-01,1.005139445202707149e+00
4.450000000000000000e+02,-9.725458772806770957e-01,2.582915732658745966e-01,1.006260413727879222e+00
4.460000000000000000e+02,-9.596312986173833881e-01,3.062731381967437883e-01,1.007320934194741779e+00
4.470000000000000000e+02,-9.443176417075461737e-01,3.534890202821210914e-01,1.008310614790955961e+00
4.480000000000000000e+02,-9.266431906934401441e-01,3.998211798167931041e-01,1.009219787107155097e+00
4.490000000000000000e+02,-9.066521317026005056e-01,4.451537864019231572e-01,1.010039594010471831e+00
4.500000000000000000e+02,-8.843944423825043089e-01,4.893735085210483837e-01,1.010762069212760572e+00
4.510000000000000000e+02,-8.599257669564518425e-01,5.323697968688709814e-01,1.011380208078962228e+00
4.520000000000000000e+02,-8.333072771130083378e-01,5.740351607245214316e-01,1.011888029298461111e+00
4.530000000000000000e+02,-8.046055190767822385e-01,6.142654366783605324e-01,1.012280627112104314e+00
4.540000000000000000e+02,-7.738922472428642063e-01,6.529600490405037538e-01,1.012554213850096918e+00
4.550000000000000000e+02,-7.412442447908390575e-01,6.900222612800457345e-01,1.012706152591939635e+00
4.560000000000000000e+02,-7.067431317268367819e-01,7.253594178663875791e-01,1.012734979809881697e+00
4.570000000000000000e+02,-6.704751608335174362e-01,7.588831759080634232e-01,1.012640417903136969e+00
4.580000000000000000e+02,-6.325310020381142984e-01,7.905097260099691603e-01,1.012423377572692074e+00
4.590000000000000000e+02,-5.930055157376158403e-01,8.201600017968500023e-01,1.012085950027291403e+00
4.600000000000000000e+02,-5.519975156477733291e-01,8.477598775792386521e-01,1.011631389051604879e+00
4.610000000000000000e+02,-5.096095217688113577e-01,8.732403536676792699e-01,1.011064083009128645e+00
4.620000000000000000e+02,-4.659475040854273997e-01,8.965377288719506010e-01,1.010389516896486040e+00
4.630000000000000000e+02,-4.211206176418298419e-01,9.175937597540421153e-01,1.009614224613834876e+00
4.640000000000000000e+02,-3.752409296541277528e-01,9.363558062367485224e-01,1.008745731669267398e+00
4.650000000000000000e+02,-3.284231393422903378e-01,9.527769632038630698e-01,1.007792488594462910e+00
4.660000000000000000e+02,-2.807842911820971898e-01,9.668161777629679099e-01,1.006763795415204443e+00
4.670000000000000000e+02,-2.324434822939487888e-01,9.784383518776653688e-01,1.005669717594210644e+00
4.680000000000000000e+02,-1.835215647000655315e-01,9.876144301126686953e-01,1.004520993945239304e+00
4.690000000000000000e+02,-1.341408431944320911e-01,9.943214722723903165e-01,1.003328937106294561e+00
4.700000000000000000e+02,-8.442476958081257532e-02,9.985427107514309730e-01,1.002105327255368605e+00
4.710000000000000000e+02,-3.449763404324102112e-02,1.000267592453593091e+00,1.000862299853225945e+00
4.720000000000000000e+02,1.551574557943863342e-02,9.994918051746211063e-01,9.996122283026096511e-01
4.730000000000000000e+02,6.549033583816968318e-02,9.962172883827126180e-01,9.983676025196335235e-01
4.740000000000000000e+02,1.153012002573053085e-01,9.904522283698473650e-01,9.971409045182989539e-01
4.750000000000000000e+02,1.648238116757976823e-01,9.822110377860574504e-01,9.959444822097779371e-01
4.760000000000000000e+02,2.139343635651005660e-01,9.715143196078024346e-01,9.947904227107415842e-01
4.770000000000000000e+02,2.625100795454906599e-01,9.583888156305279127e-01,9.936904265356821808e-01
4.780000000000000000e+02,3.104295203270170389e-01,9.428673396141770136e-01,9.926556841128638675e-01
4.790000000000000000e+02,3.575728873077259062e-01,9.249886952487906822e-01,9.916967561082590255e-01
4.800000000000000000e+02,4.038223220701654403e-01,9.047975791452823602e-01,9.908234590628665073e-01
4.810000000000000000e+02,4.490622010274295528e-01,8.823444690939108437e-01,9.900447578429042439e-01
4.820000000000000000e+02,4.931794244821250950e-01,8.576854978698046361e-01,9.893686663669386538e-01
4.830000000000000000e+02,5.360636993756153768e-01,8.308823129010238784e-01,9.888021580073665939e-01
4.840000000000000000e+02,5.776078150206666040e-01,8.020019221499905537e-01,9.883510869651674913e-01
4.850000000000000000e+02,6.177079111281661428e-01,7.711165265935822077e-01,9.880201217870379082e-01
4.860000000000000000e+02,6.562637374578452754e-01,7.383033397206899551e-01,9.878126920347116702e-01
4.870000000000000000e+02,6.931789044438797509e-01,7.036443944984959176e-01,9.877309489305132750e-01
4.880000000000000000e+02,7.283611241688044968e-01,6.672263382900557316e-01,9.877757405952023451e-01
4.890000000000000000e+02,7.617224410833073334e-01,6.291402162358903372e-01,9.879466022691992810e-01
4.900000000000000000e+02,7.931794518951018613e-01,5.894812436411351886e-01,9.882417616723722098e-01
4.910000000000000000e+02,8.226535140771585874e-01,5.483485679372772648e-01,9.886581594172784149e-01
4.920000000000000000e+02,8.500709424740224840e-01,5.058450208135761850e-01,9.891914841528712810e-01
4.930000000000000000e+02,8.753631935147012655e-01,4.620768611378411328e-01,9.898362218868614892e-01
4.940000000000000000e+02,8.984670365715933249e-01,4.171535093092614832e-01,9.905857187213901183e-01
4.950000000000000000e+02,9.193247120370564573e-01,3.711872737074086714e-01,9.914322560439293719e-01
4.960000000000000000e+02,9.378840757224269353e-01,3.242930699212873136e-01,9.923671370479193454e-01
4.970000000000000000e+02,9.540987292184912594e-01,2.765881334603627617e-01,9.933807833189784997e-01
4.980000000000000000e+02,9.679281358915093891e-01,2.281917266657872978e-01,9.944628401147654895e-01
4.990000000000000000e+02,9.793377222247987568e-01,1.792248405545473489e-01,9.956022888906292945e-01
5.000000000000000000e+02,9.882989642525261687e-01,1.298098923419210293e-01,9.967875655787631350e-01
5.010000000000000000e+02,9.947894588696222229e-01,8.007041939843992373e-02,9.980066831142755390e-01
5.020000000000000000e+02,9.987929798395441816e-01,3.013077040646271187e-02,9.992473567150643721e-01
5.030000000000000000e+02,1.000299518359867301e+00,-1.988420551153065319e-02,1.000497130460556328e+00
5.040000000000000000e+02,9.993053080842907443e-01,-6.984947091574519873e-02,1.001743503773619981e+00
5.050000000000000000e+02,9.958128345385034441e-01,-1.196401126426703820e-01,1.002974056486387822e+00
5.060000000000000000e+02,9.898308289063699750e-01,-1.691316540879888863e-01,1.004176571260259276e+00
5.070000000000000000e+02,9.813742462019705570e-01,-2.182003663980874308e-01,1.005339152229109967e+00
5.080000000000000000e+02,9.704642278820662105e-01,-2.667235777921907469e-01,1.006450338838932312e+00
5.090000000000000000e+02,9.571280489924566259e-01,-3.145799802418135505e-01,1.007499213963487961e+00
5.100000000000000000e+02,9.413990499803659429e-01,-3.616499327408318476e-01,1.008475505481111645e+00
5.110000000000000000e+02,9.233165533433242977e-01,-4.078157604079980514e-01,1.009369680600199937e+00
5.120000000000000000e+02,9.029257653229243452e-01,-4.529620486741442464e-01,1.010173032318258945e+00
5.130000000000000000e+02,8.802776628892171606e-01,-4.969759318186051100e-01,1.010877757490327378e+00
5.140000000000000000e+02,8.554288662982869607e-01,-5.397473751335194470e-01,1.011477026066285312e+00
5.150000000000000000e+02,8.284414975416110050e-01,-5.811694500105999417e-01,1.011965041132652177e+00
5.160000000000000000e+02,7.993830250410810523e-01,-6.211386012626539666e-01,1.012337089462969297e+00
5.170000000000000000e+02,7.683260949779483484e-01,-6.595549060115514228e-01,1.012589582342209304e+00
5.180000000000000000e+02,7.353483496773707273e-01,-6.963223234954200036e-01,1.012720086485546567e+00
5.190000000000000000e+02,7.005322335025997438e-01,-7.313489351705499963e-01,1.012727344921247052e+00
5.200000000000000000e+02,6.639647867440722218e-01,-7.645471745077535575e-01,1.012611287752556599e+00
5.210000000000000000e+02,6.257374280186844828e-01,-7.958340459086877816e-01,1.012373032755628843e+00
5.220000000000000000e+02,5.859457257232500993e-01,-8.251313321948502422e-01,1.012014875811118930e+00
5.230000000000000000e+02,5.446891591135075705e-01,-8.523657901505256040e-01,1.011540271207582720e+00
5.240000000000000000e+02,5.020708696059812404e-01,-8.774693336308246883e-01,1.010953801896718574e+00
5.250000000000000000e+02,4.581974029244400004e-01,-9.003792037770467216e-01,1.010261139825189058e+00
5.260000000000000000e+02,4.131784427355876810e-01,-9.210381259138260557e-01,1.009468996516613259e+00
5.270000000000000000e+02,3.671265364398963449e-01,-9.393944527358208951e-01,1.008585064131522380e+00
5.280000000000000000e+02,3.201568138031052890e-01,-9.554022934259761568e-01,1.007617947293601546e+00
5.290000000000000000e+02,2.723866991318064645e-01,-9.690216283825664467e-01,1.006577086038184188e+00
5.300000000000000000e+02,2.239356177126781422e-01,-9.802184092682003635e-01,1.005472670314136341e+00
5.310000000000000000e+02,1.749246972492681240e-01,-9.889646441306637614e-01,1.004315546553093297e+00
5.320000000000000000e+02,1.254764650427349360e-01,-9.952384673828005290e-01,1.003117116910127615e+00
5.330000000000000000e+02,7.571454167359489840e-02,-9.990241944664802753e-01,1.001889231876579300e+00
5.340000000000000000e+02,2.576333195027088324e-02,-1.000312361063993905e+00,1.000644077067666338e+00
5.350000000000000000e+02,-2.425228610292881615e-02,-9.990997467588474956e-01,9.993940550927904454e-01
5.360000000000000000e+02,-7.420727344087119093e-02,-9.953893830868039139e-01,9.981516635228617762e-01
5.370000000000000000e+02,-1.239767425952113811e-01,-9.891905459570433656e-01,9.969293700735839536e-01
5.380000000000000000e+02,-1.734362698930635438e-01,-9.805187324623901857e-01,9.957394862232148425e-01
5.390000000000000000e+02,-2.224622065161830642e-01,-9.693956221365810366e-01,9.945940405741520163e-01
5.400000000000000000e+02,-2.709319876230121271e-01,-9.558490227554303775e-01,9.935046533458548046e-01
5.410000000000000000e+02,-3.187244387607836571e-01,-9.399128008173911475e-01,9.924824134481020632e-01
5.420000000000000000e+02,-3.657200788016532478e-01,-9.216267968773085295e-01,9.915377596244205893e-01
5.430000000000000000e+02,-4.118014186455186687e-01,-9.010367259450325905e-01,9.906803671720791904e-01
5.440000000000000000e+02,-4.568532549427702927e-01,-8.781940631978940592e-01,9.899190417341362513e-01
5.450000000000000000e+02,-5.007629581026650234e-01,-8.531559152927608025e-01,9.892616216182450462e-01
5.460000000000000000e+02,-5.434207538673030413e-01,-8.259848775993956504e-01,9.887148900247211269e-01
5.470000000000000000e+02,-5.847199977472727905e-01,-7.967488777120319554e-01,9.882844984623371243e-01
5.480000000000000000e+02,-6.245574416328744105e-01,-7.655210056303882737e-01,9.879749024951809400e-01
5.490000000000000000e+02,-6.628334919143937798e-01,-7.323793310346685681e-01,9.877893107997359756e-01
5.500000000000000000e+02,-6.994524584661272470e-01,-6.974067081113621835e-01,9.877296483213593437e-01
5.510000000000000000e+02,-7.343227938716954117e-01,-6.606905684177774019e-01,9.877965341079802952e-01
5.520000000000000000e+02,-7.673573222925842430e-01,-6.223227023031482341e-01,9.879892741715052829e-01
5.530000000000000000e+02,-7.984734574077416713e-01,-5.823990294327611172e-01,9.883058694902578933e-01
5.540000000000000000e+02,-8.275934088793797105e-01,-5.410193589887921650e-01,9.887430390254263735e-01
5.550000000000000000e+02,-8.546443768288193299e-01,-4.982871401473512041e-01,9.892962573877185362e-01
5.560000000000000000e+02,-8.795587338361868790e-01,-4.543092034555418768e-01,9.899598065638448574e-01
5.570000000000000000e+02,-9.022741940089640256e-01,-4.091954937550936755e-01,9.907268409021734445e-01
5.580000000000000000e+02,-9.227339686967187538e-01,-3.630587953202577545e-01,9.915894643682908738e-01
5.590000000000000000e+02,-9.408869084627315971e-01,-3.160144498971211857e-01,9.925388189186037380e-01
5.600000000000000000e+02,-9.566876309575876869e-01,-2.681800683492417958e-01,9.935651827067237818e-01
5.610000000000000000e+02,-9.700966343750497822e-01,-2.196752366304892956e-01,9.946580767351463903e-01
5.620000000000000000e+02,-9.810803962065742789e-01,-1.706212168201605706e-01,9.958063784943542718e-01
5.630000000000000000e+02,-9.896114570475823546e-01,-1.211406439677814584e-01,9.969984410924460638e-01
5.640000000000000000e+02,-9.956684892459713998e-01,-7.135721950548287729e-02,9.982222163691353289e-01
5.650000000000000000e+02,-9.992363502212455728e-01,-2.139540199442059587e-02,9.994653805059875440e-01
5.660000000000000000e+02,-1.000306120320966663e+00,2.861990402162774283e-02,1.000715460686898428e+00
5.670000000000000000e+02,-9.988751251198852987e-01,7.856366027762201609e-02,1.001959961425347601e+00
5.680000000000000000e+02,-9.949469421060042063e-01,1.283110073829222264e-01,1.003186489253971470e+00
5.690000000000000000e+02,-9.885313917368581116e-01,1.777375769697651375e-01,1.004382874563427119e+00
5.700000000000000000e+02,-9.796445128883698450e-01,2.267198026141836187e-01,1.005537289477474339e+00
5.710000000000000000e+02,-9.683085227576606613e-01,2.751352287520666406e-01,1.006638360756024086e+00
5.720000000000000000e+02,-9.545517613200573681e-01,3.228628168180694979e-01,1.007675276824296251e+00
5.730000000000000000e+02,-9.384086204791538544e-01,3.697832478420272073e-01,1.008637888131407978e+00
5.740000000000000000e+02,-9.199194580870524440e-01,4.157792207463798517e-01,1.009516800143337445e+00
5.750000000000000000e+02,-8.991304970497334681e-01,4.607357455988665418e-01,1.010303458371515362e+00
5.760000000000000000e+02,-8.760937097697901743e-01,5.045404310873560227e-01,1.010990224928020043e+00
5.770000000000000000e+02,-8.508666882154223288e-01,5.470837654981270948e-01,1.011570446180734439e+00
5.780000000000000000e+02,-8.235124999405160073e-01,5.882593904951528563e-01,1.012038511156570175e+00
5.790000000000000000e+02,-7.940995304157583146e-01,6.279643670159407165e-01,1.012389900408068533e+00
5.800000000000000000e+02,-7.627013120649612787e-01,6.660994326191888026e-01,1.012621225118858881e+00
5.810000000000000000e+02,-7.293963404340018108e-01,7.025692496408888488e-01,1.012730256277295293e+00
5.820000000000000000e+02,-6.942678779519573240e-01,7.372826435384867150e-01,1.012715943796192564e+00
5.830000000000000000e+02,-6.574037457750330216e-01,7.701528308272383994e-01,1.012578425501083457e+00
5.840000000000000000e+02,-6.188961042336711404e-01,8.010976360389219231e-01,1.012319025951188944e+00
5.850000000000000000e+02,-5.788412224317250887e-01,8.300396971605081831e-01,1.011940245097783464e+00
5.860000000000000000e+02,-5.373392375736997240e-01,8.569066590391931637e-01,1.011445736825261843e+00
5.870000000000000000e+02,-4.944939046217400325e-01,8.816313542702801653e-01,1.010840277462519143e+00
5.880000000000000000e+02,-4.504123369082260187e-01,9.041519711156914552e-01,1.010129724397574424e+00
5.890000000000000000e+02,-4.052047383524414181e-01,9.244122080333134761e-01,1.009320964978086765e+00
5.900000000000000000e+02,-3.589841279507757221e-01,9.423614144308523066e-01,1.008421855935647260e+00
5.910000000000000000e+02,-3.118660572292331068e-01,9.579547172923139620e-01,1.007441153633453990e+00
5.920000000000000000e+02,-2.639683213646173976e-01,9.711531333605448735e-01,1.006388435505922496e+00
5.930000000000000000e+02,-2.154106646965901484e-01,9.819236665953743337e-01,1.005274013135289746e+00
5.940000000000000000e+02,-1.663144813668214206e-01,9.902393906637153576e-01,1.004108837494402717e+00
5.950000000000000000e+02,-1.168025118336356583e-01,9.960795162553971460e-01,1.002904396976218582e+00
5.960000000000000000e+02,-6.699853602086580651e-02,9.994294430564404363e-01,1.001672608928209529e+00
5.970000000000000000e+02,-1.702706386804378469e-02,1.000280796249842563e+00,1.000425705512500985e+00
5.980000000000000000e+02,3.298697594444834763e-02,9.986314474526201135e-01,9.991761148182409791e-01
5.990000000000000000e+02,8.291854831707935747e-02,9.944855200367661574e-01,9.979363382590139553e-01
6.000000000000000000e+02,1.326428243189176626e-01,9.878533788208202493e-01,9.967188253921013263e-01
6.010000000000000000e+02,1.820354932599586861e-01,9.787516041578223636e-01,9.955358473947119036e-01
6.020000000000000000e+02,2.309730734678498154e-01,9.672029504844298353e-01,9.943993705212061940e-01
6.030000000000000000e+02,2.793332209920713072e-01,9.532362894348263005e-01,9.933209309408924659e-01
6.040000000000000000e+02,3.269950354638126444e-01,9.368865376616356544e-01,9.923115124141146381e-01
6.050000000000000000e+02,3.738393623468944105e-01,9.181945695442909061e-01,9.913814283012155615e-01
6.060000000000000000e+02,4.197490908241089391e-01,8.972071150030854758e-01,9.905402094109182487e-01
6.070000000000000000e+02,4.646094465742632296e-01,8.739766426743723615e-01,9.897964991787001621e-01
6.080000000000000000e+02,5.083082787079818976e-01,8.485612287389732167e-01,9.891579576195439483e-01
6.090000000000000000e+02,5.507363401449305584e-01,8.210244117317266888e-01,9.886311754216839942e-01
6.100000000000000000e+02,5.917875607315168374e-01,7.914350336951508913e-01,9.882215994384070390e-01
6.110000000000000000e+02,6.313593124162744097e-01,7.598670680743371264e-01,9.879334706945808176e-01
6.120000000000000000e+02,6.693526658199913104e-01,7.263994347833375720e-01,9.877697758556298613e-01
6.130000000000000000e+02,7.056726375591582112e-01,6.911158029053796614e-01,9.877322129126125949e-01
6.140000000000000000e+02,7.402284277044272054e-01,6.541043815201582623e-01,9.878211716224941652e-01
6.150000000000000000e+02,7.729336467804350796e-01,6.154576991811364639e-01,9.880357290131974723e-01
6.160000000000000000e+02,8.037065317394919139e-01,5.752723725941618627e-01,9.883736600248101967e-01
6.170000000000000000e+02,8.324701503692000237e-01,5.336488650757018615e-01,9.888314631181105430e-01
6.180000000000000000e+02,8.591525936229851279e-01,4.906912353945526162e-01,9.894044004461141073e-01
6.190000000000000000e+02,8.836871553927128087e-01,4.465068776249169757e-01,9.900865519601895759e-01
6.200000000000000000e+02,9.060124992739586602e-01,4.012062526612190094e-01,9.908708826154408733e-01
6.210000000000000000e+02,9.260728119070196218e-01,3.549026120658680394e-01,9.917493216557045077e-01
6.220000000000000000e+02,9.438179425103130349e-01,3.077117149403523766e-01,9.927128528008152264e-01
6.230000000000000000e+02,9.592035282573306842e-01,2.597515385274858368e-01,9.937516140307434132e-01
6.240000000000000000e+02,9.721911051837049955e-01,2.111419832683005815e-01,9.948550055645219992e-01
6.250000000000000000e+02,9.827482043471200690e-01,1.620045730509445669e-01,9.960118045670481868e-01
6.260000000000000000e+02,9.908484329996672946e-01,1.124621514009611911e-01,9.972102850831557896e-01
6.270000000000000000e+02,9.964715405697153194e-01,6.263857437247541404e-02,9.984383416940667555e-01
6.280000000000000000e+02,9.996034692883390971e-01,1.265840090805845503e-02,9.996836154138131203e-01
6.290000000000000000e+02,1.000236389333742038e+00,-3.735341855862864963e-02,1.000933620389193202e+00
6.300000000000000000e+02,9.983687184058106512e-01,-8.727185447891919190e-02,1.002175870032526062e+00
6.310000000000000000e+02,9.940051256818647207e-01,-1.369721107630124390e-01,1.003398001297936881e+00
6.320000000000000000e+02,9.871565201437141335e-01,-1.863299367701981568e-01,1.004587895905098671e+00
6.330000000000000000e+02,9.778400233052042534e-01,-2.352219379354583695e-01,1.005733797415417019e+00
6.340000000000000000e+02,9.660789264084312933e-01,-2.835258842558799341e-01,1.006824423170964655e+00
6.350000000000000000e+02,9.519026321956373105e-01,-3.311210158656617830e-01,1.007849070212842202e+00
6.360000000000000000e+02,9.353465814023542713e-01,-3.778883449357794966e-01,1.008797714400351708e+00
6.370000000000000000e+02,9.164521641555652964e-01,-4.237109531435577781e-01,1.009661102053179604e+00
6.380000000000000000e+02,8.952666164983874575e-01,-4.684742839684771232e-01,1.010430833534016859e+00
6.390000000000000000e+02,8.718429022999636402e-01,-5.120664290834753274e-01,1.011099438277524687e+00
6.400000000000000000e+02,8.462395808457898738e-01,-5.543784081257647767e-01,1.011660440852618859e+00
6.410000000000000000e+02,8.185206604395016683e-01,-5.953044411477398379e-01,1.012108417718448061e+00
6.420000000000000000e+02,7.887554383821147042e-01,-6.347422130668455287e-01,1.012439044400381905e+00
6.430000000000000000e+02,7.570183277287724222e-01,-6.725931294532841997e-01,1.012649132871316526e+00
6.440000000000000000e+02,7.233886712561081733e-01,-7.087625630160896417e-01,1.012736658976465698e+00
6.450000000000000000e+02,6.879505431053036801e-01,-7.431600901713548701e-01,1.012700779787582883e+00
6.460000000000000000e+02,6.507925385967359144e-01,-7.756997171011916770e-01,1.012541840816493233e+00
6.470000000000000000e+02,6.120075527416762862e-01,-8.063000947382754635e-01,1.012261373059254677e+00
6.480000000000000000e+02,5.716925480047625463e-01,-8.348847221385136130e-01,1.011862079882668963e+00
6.490000000000000000e+02,5.299483118978368656e-01,-8.613821377334054397e-01,1.011347813805684837e+00
6.500000000000000000e+02,4.868792050111666048e-01,-8.857260979839637338e-01,1.010723543270959812e+00
6.510000000000000000e+02,4.425929001119683903e-01,-9.078557429895621755e-01,1.009995309547847775e+00
6.520000000000000000e+02,3.972001129624902482e-01,-9.277157486376866879e-01,1.009170173958682915e+00
6.530000000000000000e+02,3.508143255306059305e-01,-9.452564649142169984e-01,1.008256155676530597e+00
6.540000000000000000e+02,3.035515022848950806e-01,-9.604340400284617774e-01,1.007262160405526963e+00
6.550000000000000000e+02,2.555298002834719973e-01,-9.732105300426353578e-01,1.006197900325168870e+00
6.560000000000000000e+02,2.068692737813402349e-01,-9.835539937317023806e-01,1.005073805757766614e+00
6.570000000000000000e+02,1.576915740947551214e-01,-9.914385724364401797e-01,1.003900929103707984e+00
6.580000000000000000e+02,1.081196454729331097e-01,-9.968445547100868165e-01,1.002690841681693978e+00
6.590000000000000000e+02,5.827741773742876885e-02,-9.997584255969582667e-01,1.001455524209763137e+00
6.600000000000000000e+02,8.289496457580855515e-03,-1.000172900419837418e+00,1.000207251766227934e+00
6.610000000000000000e+02,-4.171914856341101679e-02,-9.980869429916668922e-01,9.989584741756319941e-01
6.620000000000000000e+02,-9.162349571299435724e-02,-9.935057682060172146e-01,9.977216928709616850e-01
6.630000000000000000e+02,-1.412987841232952180e-01,-9.864408289998524149e-01,9.965093353865972503e-01
6.640000000000000000e+02,-1.906208255732878554e-01,-9.769097877211879721e-01,9.953336287334505483e-01
6.650000000000000000e+02,-2.394663149593472540e-01,-9.649364719732206330e-01,9.942064729945864210e-01
6.660000000000000000e+02,-2.877131385580082856e-01,-9.505508150453202409e-01,9.931393165524272648e-01
6.670000000000000000e+02,-3.352406793102742921e-01,-9.337887810798065624e-01,9.921430344133476131e-01
6.680000000000000000e+02,-3.819301183642646036e-01,-9.146922751615933489e-01,9.912278111282154525e-01
6.690000000000000000e+02,-4.276647321223442932e-01,-8.933090385554761648e-01,9.904030298147242783e-01
6.700000000000000000e+02,-4.723301840501181181e-01,-8.696925293529702561e-01,9.896771687662524464e-01
6.710000000000000000e+02,-5.158148105177666753e-01,-8.439017888270818890e-01,9.890577070803443505e-01
6.720000000000000000e+02,-5.580098999591207587e-01,-8.160012938291258955e-01,9.885510406565739538e-01
6.730000000000000000e+02,-5.988099646505770091e-01,-7.860607955965970284e-01,9.881624097985008959e-01
6.740000000000000000e+02,-6.381130044304068605e-01,-7.541551453750766632e-01,9.878958395088540678e-01
6.750000000000000000e+02,-6.758207616991607214e-01,-7.203641072901185716e-01,9.877540933934534362e-01
6.760000000000000000e+02,-7.118389670636666722e-01,-6.847721589369352158e-01,9.877386418913756128e-01
6.770000000000000000e+02,-7.460775750105134163e-01,-6.474682801864095616e-01,9.878496453312696213e-01
6.780000000000000000e+02,-7.784509890198338944e-01,-6.085457307354178447e-01,9.880859520822372621e-01
6.790000000000000000e+02,-8.088782755566047422e-01,-5.681018169575875465e-01,9.884451118286431415e-01
6.800000000000000000e+02,-8.372833664044840862e-01,-5.262376486373633311e-01,9.889234037583530812e-01
6.810000000000000000e+02,-8.635952488363523027e-01,-4.830578861955456826e-01,9.895158792199496567e-01
6.820000000000000000e+02,-8.877481431461295980e-01,-4.386704790382391916e-01,9.902164181829340439e-01
6.830000000000000000e+02,-9.096816670980415465e-01,-3.931863956833371310e-01,9.910177986316521803e-01
6.840000000000000000e+02,-9.293409868822084530e-01,-3.467193463392266861e-01,9.919117778437241961e-01
6.850000000000000000e+02,-9.466769541991697512e-01,-2.993854986292682208e-01,9.928891843510596615e-01
6.860000000000000000e+02,-9.616462291306331345e-01,-2.513031871727365862e-01,9.939400192588794258e-01
6.870000000000000000e+02,-9.742113884892699138e-01,-2.025926177482730850e-01,9.950535655070480434e-01
6.880000000000000000e+02,-9.843410193766836125e-01,-1.533755667794388933e-01,9.962185035987048964e-01
6.890000000000000000e+02,-9.920097977156555613e-01,-1.037750768936561152e-01,9.974230322927880588e-01
6.900000000000000000e+02,-9.971985515603383199e-01,-5.391514931563919782e-02,9.986549927576411356e-01
6.910000000000000000e+02,-9.998943090261203093e-01,-3.920433864333182361e-03,9.999019947097351757e-01
6.920000000000000000e+02,-1.000090330719336951e+00,4.608408267163367072e-02,1.001151543111230779e+00
6.930000000000000000e+02,-9.977861265857552731e-01,9.597338900092143577e-02,1.002391164068861418e+00
6.940000000000000000e+02,-9.929874571357092394e-01,1.456227618577068950e-01,1.003608528660407728e+00
6.950000000000000000e+02,-9.857063190428239086e-01,1.949080778098480904e-01,1.004791573509891345e+00
6.960000000000000000e+02,-9.759609151523315207e-01,2.437061235674646831e-01,1.005928617034656636e+00
6.970000000000000000e+02,-9.637756089739583087e-01,2.918949040161625819e-01,1.007008470393238042e+00
6.980000000000000000e+02,-9.491808637731501408e-01,3.393539472048200945e-01,1.008020542269171704e+00
6.990000000000000000e+02,-9.322131664129091888e-01,3.859646055254655761e-01,1.008954936730085405e+00
7.000000000000000000e+02,-9.129149361366358795e-01,4.316103523322973867e-01,1.009802543501336247e+00
7.010000000000000000e+02,-8.913344185200210434e-01,4.761770732582984444e-01,1.010555120087599734e+00
7.020000000000000000e+02,-8.675255648571060796e-01,5.195533515011537817e-01,1.011205365263022404e+00
7.030000000000000000e+02,-8.415478972820483738e-01,5.616307463652562282e-01,1.011746983530285471e+00
7.040000000000000000e+02,-8.134663599637855791e-01,6.023040643634455238e-01,1.012174740221003955e+00
7.050000000000000000e+02,-7.833511567456132862e-01,6.414716222007261770e-01,1.012484506974561826e+00
7.060000000000000000e+02,-7.512775756355769552e-01,6.790355009825049803e-01,1.012673297390343841e+00
7.070000000000000000e+02,-7.173258005864516784e-01,7.149017910118276031e-01,1.012739292700205462e+00
7.080000000000000000e+02,-6.815807110358602650e-01,7.489808265636206386e-01,1.012681857355049786e+00
7.090000000000000000e+02,-6.441316697076792108e-01,7.811874100490046047e-01,1.012501544462759862e+00
7.100000000000000000e+02,-6.050722992052289806e-01,8.114410250092660704e-01,1.012200091055909024e+00
7.110000000000000000e+02,-5.645002479547657215e-01,8.396660374070044064e-01,1.011780403208014656e+00
7.120000000000000000e+02,-5.225169460844154568e-01,8.657918847112251459e-01,1.011246531058178411e+00
7.130000000000000000e+02,-4.792273518488541773e-01,8.897532523036678631e-01,1.010603633847128036e+00
7.140000000000000000e+02,-4.347396892336707896e-01,9.114902367653514581e-01,1.009857935114412575e+00
7.150000000000000000e+02,-3.891651773954032389e-01,9.309484956351216089e-01,1.009016668258008398e+00
7.160000000000000000e+02,-3.426177526136471307e-01,9.480793832658039877e-01,1.008088012715007808e+00
7.170000000000000000e+02,-2.952137834503569258e-01,9.628400724383218146e-01,1.007081021086241535e+00
7.180000000000000000e+02,-2.470717798284408351e-01,9.751936614297438410e-01,1.006005537599243826e+00
7.190000000000000000e+02,-1.983120967569536319e-01,9.851092662675915435e-01,1.004872108383157325e+00
7.200000000000000000e+02,-1.490566334435740603e-01,9.925620979397702381e-01,1.003691884115902377e+00
7.210000000000000000e+02,-9.942852854658554285e-02,9.975335243670995222e-01,1.002476515697592774e+00
7.220000000000000000e+02,-4.955185232823056118e-02,1.000011116983511084e+00,1.001238043703778002e+00
7.230000000000000000e+02,4.487035209449971584e-04,9.999886818074638084e-01,9.999887824760229638e-01
7.240000000000000000e+02,5.044813761131818758e-02,9.974662749268978779e-01,9.987411998135414803e-01
7.250000000000000000e+02,1.003214513576630856e-01,9.924502023590147104e-01,9.975077933354492554e-01
7.260000000000000000e+02,1.499439614756138406e-01,9.849530042852340239e-01,9.963009646856257895e-01
7.270000000000000000e+02,1.991916116898755362e-01,9.749934237007402693e-01,9.951328928476343982e-01
7.280000000000000000e+02,2.479412828749125441e-01,9.625963595569946296e-01,9.940154079218471717e-01
7.290000000000000000e+02,2.960711008527622812e-01,9.477928045143565461e-01,9.929598667868484441e-01
7.300000000000000000e+02,3.434607410784801251e-01,9.306197674604325121e-01,9.919770321183289941e-01
7.310000000000000000e+02,3.899917294515017341e-01,9.111201809878574087e-01,9.910769562672312460e-01
7.320000000000000000e+02,4.355477385008946212e-01,8.893427940628126915e-01,9.902688715014190679e-01
7.330000000000000000e+02,4.800148782040352669e-01,8.653420501526108977e-01,9.895610880888346950e-01
7.340000000000000000e+02,5.232819807116657618e-01,8.391779511170276429e-01,9.889609016429802280e-01
7.350000000000000000e+02,5.652408782675171217e-01,8.109159072036518090e-01,9.884745110626553810e-01
7.360000000000000000e+02,6.057866736276996678e-01,7.806265735222668312e-01,9.881069482773755519e-01
7.370000000000000000e+02,6.448180023038130315e-01,7.483856734070761796e-01,9.878620208592104879e-01
7.380000000000000000e+02,6.822372859741668849e-01,7.142738091083677965e-01,9.877422683835972439e-01
7.390000000000000000e+02,7.179509764295852747e-01,6.783762602868885772e-01,9.877489332198843286e-01
7.400000000000000000e+02,7.518697894439296814e-01,6.407827708146920376e-01,9.878819462119010630e-01
7.410000000000000000e+02,7.839089279846642722e-01,6.015873244154588129e-01,9.881399274755656714e-01
7.420000000000000000e+02,8.139882942054371684e-01,5.608879097051869822e-01,9.885202023008591299e-01
7.430000000000000000e+02,8.420326896906965564e-01,5.187862752206521266e-01,9.890188319061812283e-01
7.440000000000000000e+02,8.679720034517292016e-01,4.753876750480656721e-01,9.896306585608662942e-01
7.450000000000000000e+02,8.917413872041324296e-01,4.308006056878590506e-01,9.903493643728846774e-01
7.460000000000000000e+02,9.132814174885254266e-01,3.851365348134327959e-01,9.911675428392259235e-01
7.470000000000000000e+02,9.325382442291970664e-01,3.385096226019729260e-01,9.920767820810059145e-01
7.480000000000000000e+02,9.494637253592956849e-01,2.910364363340081084e-01,9.930677585377299943e-01
7.490000000000000000e+02,9.640155471759961348e-01,2.428356589752083128e-01,9.941303397779180928e-01
7.500000000000000000e+02,9.761573301247565837e-01,1.940277924689704780e-01,9.952536949977502934e-01
7.510000000000000000e+02,9.858587197482051590e-01,1.447348564815602034e-01,9.964264117255764441e-01
7.520000000000000000e+02,9.930954625722832052e-01,9.508008335294604318e-02,9.976366172269641730e-01
7.530000000000000000e+02,9.978494667399304685e-01,4.518761001594951560e-02,9.988721031103617864e-01
7.540000000000000000e+02,1.000108847240728016e+00,-4.817832346086889372e-03,1.000120451664544774e+00
7.550000000000000000e+02,9.998679556234236765e-01,-5.481123012725807458e-02,1.001369162512321331e+00
7.560000000000000000e+02,9.971273941170607502e-01,-1.046675998331111079e-01,1.002605778236642875e+00
7.570000000000000000e+02,9.918940141254052323e-01,-1.542623005393813640e-01,1.003818007721276162e+00
7.580000000000000000e+02,9.841808990984362016e-01,-2.034713454943031796e-01,1.004993846044575756e+00
7.590000000000000000e+02,9.740073318237210120e-01,-2.521717120854892191e-01,1.006121689867826685e+00
7.600000000000000000e+02,9.613987462194465428e-01,-3.002416493964615296e-01,1.007190447365656549e+00
7.610000000000000000e+02,9.463866637496234357e-01,-3.475609825839426903e-01,1.008189641852096363e+00
7.620000000000000000e+02,9.290086146204262763e-01,-3.940114133149640319e-01,1.009109508359434360e+00
7.630000000000000000e+02,9.093080439546781246e-01,-4.394768155126979603e-01,1.009941082526037759e+00
7.640000000000000000e+02,8.873342031790432127e-01,-4.838435256716501209e-01,1.010676281242297803e+00
7.650000000000000000e+02,8.631420268954607122e-01,-5.270006270164231399e-01,1.011307974589791936e+00
7.660000000000000000e+02,8.367919955446395663e-01,-5.688402267936550905e-01,1.011830048687148320e+00
7.670000000000000000e+02,8.083499842049568507e-01,-6.092577260039029330e-01,1.012237459126859696e+00
7.680000000000000000e+02,7.778870979047617373e-01,-6.481520808991410032e-01,1.012526274750724209e+00
7.690000000000000000e+02,7.454794938598047205e-01,-6.854260555921312115e-01,1.012693711568338761e+00
7.700000000000000000e+02,7.112081910801981710e-01,-7.209864651461410645e-01,1.012738156674021672e+00
7.710000000000000000e+02,6.751588678228911400e-01,-7.547444085372856382e-01,1.012659182063829988e+00
7.720000000000000000e+02,6.374216473960268026e-01,-7.866154909070869339e-01,1.012457548297241994e+00
7.730000000000000000e+02,5.980908728506724170e-01,-8.165200345496205214e-01,1.012135197988980329e+00
7.740000000000000000e+02,5.572648711231913410e-01,-8.443832781057800663e-01,1.011695239156837234e+00
7.750000000000000000e+02,5.150457072179023266e-01,-8.701355634666751993e-01,1.011141918492679981e+00
7.760000000000000000e+02,4.715389290445685666e-01,-8.937125099189036082e-01,1.010480584667535764e+00
7.770000000000000000e+02,4.268533035486233862e-01,-9.150551750963348274e-01,1.009717641829118939e+00
7.780000000000000000e+02,3.811005447938066171e-01,-9.341102023360251527e-01,1.008860493502637734e+00
7.790000000000000000e+02,3.343950346770053761e-01,-9.508299540698754715e-01,1.007917477164255171e+00
7.800000000000000000e+02,2.868535369735115692e-01,-9.651726309185510999e-01,1.006897789822011280e+00
7.810000000000000000e+02,2.385949054275840198e-01,-9.771023761899303439e-01,1.005811405011896698e+00
7.820000000000000000e+02,1.897397866180874915e-01,-9.865893655208347601e-01,1.004668981697295571e+00
7.830000000000000000e+02,1.404103183420457590e-01,-9.936098814379370481e-01,1.003481765647999069e+00
7.840000000000000000e+02,9.072982427014890383e-02,-9.981463726514444579e-01,1.002261483969791422e+00
7.850000000000000000e+02,4.082250563757668094e-02,-1.000187497933323399e+00,1.001020233556071393e+00
7.860000000000000000e+02,-9.186869259089493200e-03,-9.997281544703688905e-01,9.997703643374878935e-01
7.870000000000000000e+02,-5.917327698260794328e-02,-9.967694906212385408e-01,9.985243583118961208e-01
7.880000000000000000e+02,-1.090117515136698745e-01,-9.913189030455550332e-01,9.972947054424388114e-01
7.890000000000000000e+02,-1.585776966659476206e-01,-9.833900182122576883e-01,9.960937776130226462e-01
7.900000000000000000e+02,-2.077471975765605161e-01,-9.730026583334296930e-01,9.949337019243218450e-01
7.910000000000000000e+02,-2.563973304932319897e-01,-9.601827918087680880e-01,9.938262346958525173e-01
7.920000000000000000e+02,-3.044064700836703885e-01,-9.449624683045845241e-01,9.927826376065878033e-01
7.930000000000000000e+02,-3.516545934988996036e-01,-9.273797386296395162e-01,9.918135574540483113e-01
7.940000000000000000e+02,-3.980235804303815517e-01,-9.074785596081204053e-01,9.909289110360285369e-01
7.950000000000000000e+02,-4.433975084107875664e-01,-8.853086841875810187e-01,9.901377766567844851e-01
7.960000000000000000e+02,-4.876629426201666284e-01,-8.609255370565727095e-01,9.894482937279279744e-01
7.970000000000000000e+02,-5.307092194729952084e-01,-8.343900760829229268e-01,9.888675718716343210e-01
7.980000000000000000e+02,-5.724287232771413381e-01,-8.057686399190658877e-01,9.884016108392981170e-01
7.990000000000000000e+02,-6.127171552730946713e-01,-7.751327821554111486e-01,9.880552324328543135e-01
8.000000000000000000e+02,-6.514737943808652787e-01,-7.425590924363678624e-01,9.878320254602622752e-01
8.010000000000000000e+02,-6.886017490026836718e-01,-7.081290049862336566e-01,9.877343045740328842e-01
8.020000000000000000e+02,-7.240081992519953324e-01,-6.719285950236338900e-01,9.877630836362287781e-01
8.030000000000000000e+02,-7.576046290031770436e-01,-6.340483635734750489e-01,9.879180640302328564e-01
8.040000000000000000e+02,-7.893070471818508516e-01,-5.945830112143825064e-01,9.881976381046936320e-01
8.050000000000000000e+02,-8.190361977425699713e-01,-5.536312013272539634e-01,9.885989076949582843e-01
8.060000000000000000e+02,-8.467177578089326584e-01,-5.112953134368073416e-01,9.891177174287343332e-01
8.070000000000000000e+02,-8.722825234807730643e-01,-4.676811872627686939e-01,9.897487022924043032e-01
8.080000000000000000e+02,-8.956665828439115407e-01,-4.228978581205731224e-01,9.904853487186259242e-01
8.090000000000000000e+02,-9.168114757499401524e-01,-3.770572843330761148e-01,9.913200682602049119e-01
8.100000000000000000e+02,-9.356643399665939276e-01,-3.302740673347464018e-01,9.922442827444047930e-01
8.110000000000000000e+02,-9.521780433333312255e-01,-2.826651651680798238e-01,9.932485196593997534e-01
8.120000000000000000e+02,-9.663113015917351722e-01,-2.343496000884930652e-01,9.943225164128337568e-01
8.130000000000000000e+02,-9.780287815961598019e-01,-1.854481610086850807e-01,9.954553320224730495e-01
8.140000000000000000e+02,-9.873011896465940795e-01,-1.360831015263553878e-01,9.966354647505838438e-01
8.150000000000000000e+02,-9.941053447229118989e-01,-8.637783429020978732e-02,9.978509741756663720e-01
8.160000000000000000e+02,-9.984242364374223966e-01,-3.645662246833866749e-02,9.990896062052937454e-01
8.170000000000000000e+02,-1.000247067560839254e+00,1.355573090970330075e-02,1.000338919569039975e+00
8.180000000000000000e+02,-9.995692810153541386e-01,6.353419496047101045e-02,1.001586412387282410e+00
8.190000000000000000e+02,-9.963925712673306068e-01,1.133538235238375491e-01,1.002819647486124843e+00
8.200000000000000000e+02,-9.907248800911386821e-01,1.628900675283944943e-01,1.004026375216809708e+00
8.210000000000000000e+02,-9.825803767147189838e-01,2.120190863641304435e-01,1.005194652635756691e+00
8.220000000000000000e+02,-9.719794223965124713e-01,2.606180574839560560e-01,1.006312958005097347e+00
8.230000000000000000e+02,-9.589485195223146352e-01,3.085654834600717877e-01,1.007370299679808401e+00
8.240000000000000000e+02,-9.435202453493110042e-01,3.557414957275373268e-01,1.008356318553362163e+00
8.250000000000000000e+02,-9.257331705629341378e-01,4.020281542556840559e-01,1.009261383336712559e+00
8.260000000000000000e+02,-9.056317628501499017e-01,4.473097423981915455e-01,1.010076678043507092e+00
8.270000000000000000e+02,-8.832662757302403023e-01,4.914730561847035495e-01,1.010794281146218943e+00
8.280000000000000000e+02,-8.586926229210051220e-01,5.344076873307538333e-01,1.011407235952541672e+00
8.290000000000000000e+02,-8.319722385544674470e-01,5.760062992584772390e-01,1.011909611828437194e+00
8.300000000000000000e+02,-8.031719235915435462e-01,6.161648954380544163e-01,1.012296555963680511e+00
8.310000000000000000e+02,-7.723636788196408531e-01,6.547830793790364590e-01,1.012564335437952767e+00
8.320000000000000000e+02,-7.396245248506890801e-01,6.917643056215708741e-01,1.012710369401193411e+00
8.330000000000000000e+02,-7.050363095696104976e-01,7.270161211000514268e-01,1.012733251231981768e+00
8.340000000000000000e+02,-6.686855035146079818e-01,7.604503962757818147e-01,1.012632760583311642e+00
8.350000000000000000e+02,-6.306629837008188577e-01,7.919835454608227243e-01,1.012409865267577480e+00
8.360000000000000000e+02,-5.910638064277776715e-01,8.215367357822116468e-01,1.012066712973302307e+00
8.370000000000000000e+02,-5.499869696386671114e-01,8.490360842641450079e-01,1.011606612846573050e+00
8.380000000000000000e+02,-5.075351654254598444e-01,8.744128425354179557e-01,1.011034007011791136e+00
8.390000000000000000e+02,-4.638145232986889410e-01,8.976035687003524055e-01,1.010354432150618376e+00
8.400000000000000000e+02,-4.189343448636713152e-01,9.185502859435359380e-01,1.009574471306255328e+00
8.410000000000000000e+02,-3.730068305664945294e-01,9.372006274718606145e-01,1.008701696133654124e+00
8.420000000000000000e+02,-3.261467991929015153e-01,9.535079674315056764e-01,1.007744599875948888e+00
8.430000000000000000e+02,-2.784714008213262093e-01,9.674315374725719341e-01,1.006712521414100614e+00
8.440000000000000000e+02,-2.300998239476976237e-01,9.789365286699568403e-01,1.005615560810962483e+00
8.450000000000000000e+02,-1.811529975141997761e-01,9.879941785456668457e-01,1.004464486852823857e+00
8.460000000000000000e+02,-1.317532885869164283e-01,9.945818429750126199e-01,1.003270637180736058e+00
8.470000000000000000e+02,-8.202419643816580286e-02,9.986830527969209337e-01,1.002045811699796785e+00
8.480000000000000000e+02,-3.209004379831975617e-02,1.000287554986836858e+00,1.000802160055883627e+00
8.490000000000000000e+02,1.792433395102208810e-02,9.993913382892857244e-01,9.995520640743218443e-01
8.500000000000000000e+02,6.789390086548638403e-02,9.959966432460114483e-01,9.983080161613724357e-01
8.510000000000000000e+02,1.176937330277869620e-01,9.901119565946221446e-01,9.970824947744528766e-01
8.520000000000000000e+02,1.671993308575180637e-01,9.817519900517462927e-01,9.958878381674143299e-01
8.530000000000000000e+02,2.162869303601053783e-01,9.709376435337410127e-01,9.947361177093404505e-01
8.540000000000000000e+02,2.648338125367924456e-01,9.576959529069013488e-01,9.936390121553354549e-01
8.550000000000000000e+02,3.127186101821375352e-01,9.420600223977945165e-01,9.926076843115716475e-01
8.560000000000000000e+02,3.598216113020272777e-01,9.240689418326931692e-01,9.916526615805457689e-01
8.570000000000000000e+02,4.060250583936619306e-01,9.037676889130100699e-01,9.907837218922905809e-01
8.580000000000000000e+02,4.512134428393124175e-01,8.812070167710444046e-01,9.900097865200268021e-01
8.590000000000000000e+02,4.952737936778646155e-01,8.564433270871512072e-01,9.893388212418297023e-01
8.600000000000000000e+02,5.380959600322221537e-01,8.295385290855401550e-01,9.887777472417147440e-01
8.610000000000000000e+02,5.795728864864991836e-01,8.005598847612152014e-01,9.883323630435171259e-01
8.620000000000000000e+02,6.196008807245599881e-01,7.695798407249871964e-01,9.880072786396602025e-01
8.630000000000000000e+02,6.580798727608093701e-01,7.366758470869467779e-01,9.878058628162487143e-01
8.640000000000000000e+02,6.949136651151567312e-01,7.019301638311888913e-01,9.877302044889889610e-01
8.650000000000000000e+02,7.300101733067161369e-01,6.654296551658530623e-01,9.877810886555015157e-01
8.660000000000000000e+02,7.632816560650087512e-01,6.272655723626026081e-01,9.879579873439587878e-01
8.670000000000000000e+02,7.946449346831389038e-01,5.875333256284456240e-01,9.882590657016970814e-01
8.680000000000000000e+02,8.240216009645612294e-01,5.463322455802175348e-01,9.886812031271362544e-01
8.690000000000000000e+02,8.513382132435720617e-01,5.037653349180388762e-01,9.892200291107341448e-01
8.700000000000000000e+02,8.765264799894739722e-01,4.599390109185651498e-01,9.898699732224862657e-01
8.710000000000000000e+02,8.995234305354021798e-01,4.149628393917950131e-01,9.906243284708280417e-01
8.720000000000000000e+02,9.202715725049919193e-01,3.689492607665454393e-01,9.914753270661811335e-01
8.730000000000000000e+02,9.387190355433191469e-01,3.220133089893794653e-01,9.924142274562920418e-01
8.740000000000000000e+02,9.548197009927881229e-01,2.742723239397400481e-01,9.934314113632923826e-01
8.750000000000000000e+02,9.685333171897750892e-01,2.258456580802512825e-01,9.945164894461686611e-01
8.760000000000000000e+02,9.798256000937876076e-01,1.768543780755618966e-01,9.956584141379234421e-01
8.770000000000000000e+02,9.886683189975656871e-01,1.274209621256836011e-01,9.968455981637813768e-01
8.780000000000000000e+02,9.950393671038498811e-01,7.766899377049110709e-02,9.980660372338849839e-01
8.790000000000000000e+02,9.989228167923744905e-01,2.772285293087237840e-02,9.993074354186696207e-01
8.800000000000000000e+02,1.000308959438918066e+00,-2.229259504107352491e-02,1.000557331754375889e+00
8.810000000000000000e+02,9.991943296868643909e-01,-7.225231152541675139e-02,1.001803226686332815e+00
8.820000000000000000e+02,9.955817141105935963e-01,-1.220313972309464423e-01,1.003032707034783089e+00
8.830000000000000000e+02,9.894801442490462895e-01,-1.715054044433987623e-01,1.004233568258105613e+00
8.840000000000000000e+02,9.809048740268763167e-01,-2.205506481447425671e-01,1.005393932887377328e+00
8.850000000000000000e+02,9.698773416196392327e-01,-2.690445152257245343e-01,1.006502364110598347e+00
8.860000000000000000e+02,9.564251158583529921e-01,-3.168657710186422172e-01,1.007547973591283785e+00
8.870000000000000000e+02,9.405818273074209035e-01,-3.638948623840132512e-01,1.008520522711584100e+00
8.880000000000000000e+02,9.223870841882202409e-01,-4.100142165934242966e-01,1.009410516532281088e+00
8.890000000000000000e+02,9.018863733585490428e-01,-4.551085352613517543e-01,1.010209289859071324e+00
8.900000000000000000e+02,8.791309465954814106e-01,-4.990650825911258082e-01,1.010909084895152299e+00
8.910000000000000000e+02,8.541776924659251202e-01,-5.417739672144220586e-01,1.011503120043465875e+00
8.920000000000000000e+02,8.270889941052039784e-01,-5.831284169196822020e-01,1.011985649497666007e+00
8.930000000000000000e+02,7.979325732592198461e-01,-6.230250455826431555e-01,1.012352013329027134e+00
8.940000000000000000e+02,7.667813209800876662e-01,-6.613641116316475443e-01,1.012598677837516448e+00
8.950000000000000000e+02,7.337131153985052556e-01,-6.980497674015727627e-01,1.012723265989860622e+00
8.960000000000000000e+02,6.988106270284266675e-01,-7.329902987529941516e-01,1.012724577816627614e+00
8.970000000000000000e+02,6.621611120907769932e-01,-7.660983543575330401e-01,1.012602600685290843e+00
8.980000000000000000e+02,6.238561943729002968e-01,-7.972911640761780605e-01,1.012358509408295193e+00
8.990000000000000000e+02,5.839916361690913327e-01,-8.264907458846326715e-01,1.011994656185687846e+00
9.000000000000000000e+02,5.426670988748596436e-01,-8.536241008283756981e-01,1.011514550422439429e+00
9.010000000000000000e+02,4.999858938334408309e-01,-8.786233955200477563e-01,1.010922828502553328e+00
9.020000000000000000e+02,4.560547240574384098e-01,-9.014261317229196324e-01,1.010225213646963383e+00
9.030000000000000000e+02,4.109834174712924115e-01,-9.219753025964843030e-01,1.009428466031279115e+00
9.040000000000000000e+02,3.648846523414681631e-01,-9.402195352135577222e-01,1.008540323393939842e+00
9.050000000000000000e+02,3.178736755807902714e-01,-9.561132189925972691e-01,1.007569432426186573e+00
9.060000000000000000e+02,2.700680146311604246e-01,-9.696166197241552487e-01,1.006525271303266189e+00
9.070000000000000000e+02,2.215871836449526677e-01,-9.806959789064029209e-01,1.005418063791818861e+00
9.080000000000000000e+02,1.725523846996325217e-01,-9.893235981413845970e-01,1.004258685451585142e+00
9.090000000000000000e+02,1.230862047925632974e-01,-9.954779083810127993e-01,1.003058562540030785e+00
9.100000000000000000e+02,7.331230937351265742e-02,-9.991435238496884086e-01,1.001829564325414923e+00
9.110000000000000000e+02,2.335513318102823421e-02,-1.000311280508739742e+00,1.000583889615927369e+00
9.120000000000000000e+02,-2.666043084440875705e-02,-9.989782589665192614e-01,9.993339484179388776e-01
9.130000000000000000e+02,-7.660934379273472150e-02,-9.951477917768825066e-01,9.980922397427799408e-01
9.140000000000000000e+02,-1.263667333815788330e-01,-9.888294551078035122e-01,9.968712266859378612e-01
9.150000000000000000e+02,-1.758082061369690141e-01,-9.800390448009550504e-01,9.956832100017893872e-01
9.160000000000000000e+02,-2.248101583770167611e-01,-9.687985368821041554e-01,9.945402014873029328e-01
9.170000000000000000e+02,-2.732500852211219855e-01,-9.551360326210480700e-01,9.934537985656032300e-01
9.180000000000000000e+02,-3.210068868521743779e-01,-9.390856882784393012e-01,9.924350615208608062e-01
9.190000000000000000e+02,-3.679611712660963430e-01,-9.206876297151345145e-01,9.914943948757301007e-01
9.200000000000000000e+02,-4.139955527518530687e-01,-8.999878520775418389e-01,9.906414344178522402e-01
9.210000000000000000e+02,-4.589949453557301551e-01,-8.770381048097553034e-01,9.898849413696508837e-01
9.220000000000000000e+02,-5.028468505962179202e-01,-8.518957622799444573e-01,9.892327051533742477e-01
9.230000000000000000e+02,-5.454416387102151154e-01,-8.246236803444336738e-01,9.886914561296075155e-01
9.240000000000000000e+02,-5.866728227274368157e-01,-7.952900392080618497e-01,9.882667895819119419e-01
9.250000000000000000e+02,-6.264373246878398582e-01,-7.639681729736698124e-01,9.879631020836685540e-01
9.260000000000000000e+02,-6.646357333365233711e-01,-7.307363863068436771e-01,9.877835412176915186e-01
9.270000000000000000e+02,-7.011725526518655105e-01,-6.956777586742504127e-01,9.877299694280626818e-01
9.280000000000000000e+02,-7.359564405855780755e-01,-6.588799366449714645e-01,9.878029425713790168e-01
9.290000000000000000e+02,-7.689004374178266543e-01,-6.204349147740800818e-01,9.880017035066515074e-01
9.300000000000000000e+02,-7.999221831565306307e-01,-5.804388056162534948e-01,9.883241908256282793e-01
9.310000000000000000e+02,-8.289441234373433609e-01,-5.389915994443863489e-01,9.887670625849767081e-01
9.320000000000000000e+02,-8.558937034095627228e-01,-4.961969142739082184e-01,9.893257346653248074e-01
9.330000000000000000e+02,-8.807035491232581004e-01,-4.521617368177452967e-01,9.899944331562390287e-01
9.340000000000000000e+02,-9.033116359641453208e-01,-4.069961550195380084e-01,9.907662599568620720e-01
9.350000000000000000e+02,-9.236614437151222656e-01,-3.608130828337818841e-01,9.916332705944882475e-01
9.360000000000000000e+02,-9.417020978568113598e-01,-3.137279779409413161e-01,9.925865631020960311e-01
9.370000000000000000e+02,-9.573884967538583979e-01,-2.658585531032484073e-01,9.936163766639344308e-01
9.380000000000000000e+02,-9.706814244090208321e-01,-2.173244818827973490e-01,9.947121986375515590e-01
9.390000000000000000e+02,-9.815476485031606746e-01,-1.682470994576393264e-01,9.958628784918097665e-01
9.400000000000000000e+02,-9.899600034760426270e-01,-1.187490992838372006e-01,9.970567471628728473e-01
9.410000000000000000e+02,-9.958974584402344732e-01,-6.895422636182546583e-02,9.982817403222781216e-01
9.420000000000000000e+02,-9.993451697583257687e-01,-1.898696787390917462e-02,9.995255240704670197e-01
9.430000000000000000e+02,-1.000294518152021306e+00,3.102775803369189206e-02,1.000775621612348010e+00
9.440000000000000000e+02,-9.987431302503366748e-01,8.096491454620872996e-02,1.002019539534891424e+00
9.450000000000000000e+02,-9.946948845230262348e-01,1.306996587723600611e-01,1.003244892386444098e+00
9.460000000000000000e+02,-9.881599015844082512e-01,1.801076538515804792e-01,1.004439524349389545e+00
9.470000000000000000e+02,-9.791545188918292508e-01,2.290653797961719473e-01,1.005591626898043600e+00
9.480000000000000000e+02,-9.677012499020206659e-01,2.774504422912729695e-01,1.006689851438642425e+00
9.490000000000000000e+02,-9.538287277874569758e-01,3.251418786806458128e-01,1.007723416034686847e+00
9.500000000000000000e+02,-9.375716338534246796e-01,3.720204603733170412e-01,1.008682205425948331e+00
9.510000000000000000e+02,-9.189706108347588387e-01,4.179689909150550164e-01,1.009556863650858949e+00
9.520000000000000000e+02,-8.980721612890061323e-01,4.628725989795053342e-01,1.010338878678014973e+00
9.530000000000000000e+02,-8.749285313400309017e-01,5.066190255465068404e-01,1.011020658541909034e+00
9.540000000000000000e+02,-8.495975800627055818e-01,5.490989045496421639e-01,1.011595598560028453e+00
9.550000000000000000e+02,-8.221426348352234292e-01,5.902060362914033353e-01,1.012058139282824509e+00
9.560000000000000000e+02,-7.926323330206532791e-01,6.298376529424359882e-01,1.012403814894926368e+00
9.570000000000000000e+02,-7.611404503735315075e-01,6.678946754611125858e-01,1.012629291845800417e+00
9.580000000000000000e+02,-7.277457166004759337e-01,7.042819612911364047e-01,1.012732397541635798e+00
9.590000000000000000e+02,-6.925316185359191579e-01,7.389085422179323404e-01,1.012712138978599352e+00
9.600000000000000000e+02,-6.555861914250225020e-01,7.716878517891834210e-01,1.012568711241943697e+00
9.610000000000000000e+02,-6.170017988355633864e-01,8.025379417309616015e-01,1.012303495837137302e+00
9.620000000000000000e+02,-5.768749017490153452e-01,8.313816868184124020e-01,1.011919048859623471e+00
9.630000000000000000e+02,-5.353058174080946863e-01,8.581469776888170919e-01,1.011419079050518866e+00
9.640000000000000000e+02,-4.923984685236538206e-01,8.827669011149997802e-01,1.010808415827954665e+00
9.650000000000000000e+02,-4.482601234679038371e-01,9.051799072883949249e-01,1.010092967429279565e+00
9.660000000000000000e+02,-4.030011281034840964e-01,9.253299636935691241e-01,1.009279669349295361e+00
9.670000000000000000e+02,-3.567346299188056680e-01,9.431666951895094630e-01,1.008376423315226145e+00
9.680000000000000000e+02,-3.095762951593301615e-01,9.586455099474759933e-01,1.007392027101184251e+00
9.690000000000000000e+02,-2.616440196619563840e-01,9.717277109305738625e-01,1.006336095554183796e+00
9.700000000000000000e+02,-2.130576341154276909e-01,9.823805926363452512e-01,1.005218973280648243e+00
9.710000000000000000e+02,-1.639386044836104173e-01,9.905775228605258054e-01,1.004051639526836848e+00
9.720000000000000000e+02,-1.144097283405841325e-01,9.962980092775549634e-01,1.002845605878285307e+00
9.730000000000000000e+02,-6.459482787670638160e-02,9.995277506713903248e-01,1.001612807501297109e+00
9.740000000000000000e+02,-1.461844034313686258e-02,1.000258672688547179e+00,1.000365488752346099e+00
9.750000000000000000e+02,3.539449329129049776e-02,9.984889480239826920e-01,9.991160840870227933e-01
9.760000000000000000e+02,8.531894069248963097e-02,9.942230009893582299e-01,9.978770953064179938e-01
9.770000000000000000e+02,1.350300907419575425e-01,9.874714964522603999e-01,9.966609662826410032e-01
9.780000000000000000e+02,1.844036655645705514e-01,9.782513131740319112e-01,9.954799564031250325e-01
9.790000000000000000e+02,2.333162312232721636e-01,9.665855016128682697e-01,9.943460140617206289e-01
9.800000000000000000e+02,2.816455063039156048e-01,9.525032262976724784e-01,9.932706515993835472e-01
9.810000000000000000e+02,3.292706676187992509e-01,9.360396929167325020e-01,9.922648231544746178e-01
9.820000000000000000e+02,3.760726522646358760e-01,9.172360603035006887e-01,9.913388069184242424e-01
9.830000000000000000e+02,4.219344552798108827e-01,8.961393375395101391e-01,9.905020933032008257e-01
9.840000000000000000e+02,4.667414221567863786e-01,8.728022664316708035e-01,9.897632805096382436e-01
9.850000000000000000e+02,5.103815354783699521e-01,8.472831896577522892e-01,9.891299789379923713e-01
9.860000000000000000e+02,5.527456949612575832e-01,8.196459049096893601e-01,9.886087258027956848e-01
9.870000000000000000e+02,5.937279902067420512e-01,7.899595053993522242e-01,9.882049112029986926e-01
9.880000000000000000e+02,6.332259654767096180e-01,7.582982071255167655e-01,9.879227167565710621e-01
9.890000000000000000e+02,6.711408758329854285e-01,7.247411633338675108e-01,9.877650677384751665e-01
9.900000000000000000e+02,7.073779339996788540e-01,6.893722666338835126e-01,9.877335994657630014e-01
9.910000000000000000e+02,7.418465473313730074e-01,6.522799392673148677e-01,9.878286384581340673e-01
9.920000000000000000e+02,7.744605442947387619e-01,6.135569120525778963e-01,9.880491986722108599e-01
9.930000000000000000e+02,8.051383898973676345e-01,5.732999925577094702e-01,9.883929928693320210e-01
9.940000000000000000e+02,8.338033895252531247e-01,5.316098230814467751e-01,9.888564589365274049e-01
9.950000000000000000e+02,8.603838806793254745e-01,4.885906290474805180e-01,9.894348007452681282e-01
9.960000000000000000e+02,8.848134121316995060e-01,4.443499584408955316e-01,9.901220429091386332e-01
9.970000000000000000e+02,9.070309100537442548e-01,3.989984129382083133e-01,9.909110985956977036e-01
9.980000000000000000e+02,9.269808307006546233e-01,3.526493714031755933e-01,9.917938493646402121e-01
9.990000000000000000e+02,9.446132992708133891e-01,3.054187064396349238e-01,9.927612358480517596e-01
