n,x,y,radius
0.000000000000000000e+00,1.000000000000000000e+00,0.000000000000000000e+00,1.000000000000000000e+00
1.000000000000000000e+00,1.000000000000000000e+00,-5.000000000000000278e-02,1.001249219725039330e+00
2.000000000000000000e+00,9.975000000000000533e-01,-1.000000000000000056e-01,1.002499999999999947e+00
3.000000000000000000e+00,9.925000000000000488e-01,-1.498750000000000082e-01,1.003752342774351769e+00
4.000000000000000000e+00,9.850062500000000831e-01,-1.995000000000000107e-01,1.005006250000000101e+00
5.000000000000000000e+00,9.750312500000001270e-01,-2.487503125000000148e-01,1.006261723631287852e+00
6.000000000000000000e+00,9.625937343750001762e-01,-2.975018750000000267e-01,1.007518765625000201e+00
7.000000000000000000e+00,9.477186406250002193e-01,-3.456315617187500355e-01,1.008777377940366149e+00
8.000000000000000000e+00,9.304370625390626648e-01,-3.930174937500000576e-01,1.010037562539062739e+00
9.000000000000000000e+00,9.107861878515626231e-01,-4.395393468769531742e-01,1.011299321385217054e+00
1.000000000000000000e+01,8.888092205077149366e-01,-4.850786562695312831e-01,1.012562656445410214e+00
1.100000000000000000e+01,8.645552876942383946e-01,-5.295191172949170744e-01,1.013827569688680041e+00
1.200000000000000000e+01,8.380793318294925687e-01,-5.727468816796289497e-01,1.015094063086523724e+00
1.300000000000000000e+01,8.094419877455111267e-01,-6.146508482711036114e-01,1.016362138612901811e+00
1.400000000000000000e+01,7.787094453319559628e-01,-6.551229476583791955e-01,1.017631798244240215e+00
1.500000000000000000e+01,7.459532979490369753e-01,-6.940584199249769659e-01,1.018903043959434207e+00
1.600000000000000000e+01,7.112503769527881436e-01,-7.313560848224288646e-01,1.020175877739850856e+00
1.700000000000000000e+01,6.746825727116666505e-01,-7.669186036700682552e-01,1.021450301569332586e+00
1.800000000000000000e+01,6.363366425281632432e-01,-8.006527323056515932e-01,1.022726317434200283e+00
1.900000000000000000e+01,5.963040059128806858e-01,-8.324695644320597721e-01,1.024003927323255958e+00
2.000000000000000000e+01,5.546805276912777360e-01,-8.622847647277037675e-01,1.025283133227785859e+00
2.100000000000000000e+01,5.115662894548925754e-01,-8.900187911122676709e-01,1.026563937141564242e+00
2.200000000000000000e+01,4.670653498992791697e-01,-9.155971055850122831e-01,1.027846341060855373e+00
2.300000000000000000e+01,4.212854946200285666e-01,-9.389503730799761971e-01,1.029130346984417965e+00
2.400000000000000000e+01,3.743379759660297457e-01,-9.600146478109776726e-01,1.030415956913507625e+00
2.500000000000000000e+01,3.263372435754808842e-01,-9.787315466092791905e-01,1.031703172851879069e+00
2.600000000000000000e+01,2.774006662450169136e-01,-9.950484087880532291e-01,1.032991996805791235e+00
2.700000000000000000e+01,2.276482458056142411e-01,-1.008918442100304125e+00,1.034282430784008833e+00
2.800000000000000000e+01,1.772023237005990182e-01,-1.020300854390584933e+00,1.035574476797805898e+00
2.900000000000000000e+01,1.261872809810697660e-01,-1.029160970575614842e+00,1.036868136860968903e+00
3.000000000000000000e+01,7.472923245228901834e-02,-1.035470334624668309e+00,1.038163412989800305e+00
3.100000000000000000e+01,2.295571572105559871e-02,-1.039206796247282849e+00,1.039460307203121436e+00
3.200000000000000000e+01,-2.900462409130854374e-02,-1.040354582033335529e+00,1.040758821522274724e+00
3.300000000000000000e+01,-8.102235319297532157e-02,-1.038904350828770085e+00,1.042058957971129241e+00
3.400000000000000000e+01,-1.329675707344138424e-01,-1.034853233169121367e+00,1.043360718576080703e+00
3.500000000000000000e+01,-1.847102323928699052e-01,-1.028204854632400744e+00,1.044664105366057028e+00
3.600000000000000000e+01,-2.361204751244899425e-01,-1.018969343012757323e+00,1.045969120372520988e+00
3.700000000000000000e+01,-2.870689422751278030e-01,-1.007163319256532796e+00,1.047275765629472222e+00
3.800000000000000000e+01,-3.374271082379544651e-01,-9.928098721427763840e-01,1.048584043173452107e+00
3.900000000000000000e+01,-3.870676018450932565e-01,-9.759385167308786135e-01,1.049893955043545768e+00
4.000000000000000000e+01,-4.358645276816371927e-01,-9.565851366386239896e-01,1.051205503281385845e+00
4.100000000000000000e+01,-4.836937845135683700e-01,-9.347919102545421133e-01,1.052518689931154716e+00
4.200000000000000000e+01,-5.304333800262954757e-01,-9.106072210288637114e-01,1.053833517039589163e+00
4.300000000000000000e+01,-5.759637410777386224e-01,-8.840855520275489043e-01,1.055149986655982586e+00
4.400000000000000000e+01,-6.201680186791160843e-01,-8.552873649736619788e-01,1.056468100832188117e+00
4.500000000000000000e+01,-6.629323869277992110e-01,-8.242789640397061302e-01,1.057787861622622616e+00
4.600000000000000000e+01,-7.041463351297845286e-01,-7.911323446933161696e-01,1.059109271084268666e+00
4.700000000000000000e+01,-7.437029523644503870e-01,-7.559250279368269210e-01,1.060432331276679019e+00
4.800000000000000000e+01,-7.814992037612917830e-01,-7.187398803186043628e-01,1.061757044261979255e+00
4.900000000000000000e+01,-8.174361977772219845e-01,-6.796649201305398069e-01,1.063083412104870895e+00
5.000000000000000000e+01,-8.514194437837490081e-01,-6.387931102416787299e-01,1.064411436872634287e+00
5.100000000000000000e+01,-8.833590992958328947e-01,-5.962221380524912462e-01,1.065741120635133043e+00
5.200000000000000000e+01,-9.131702061984574570e-01,-5.520541830876996015e-01,1.067072465464815823e+00
5.300000000000000000e+01,-9.407729153528424648e-01,-5.063956727777767508e-01,1.068405473436720765e+00
5.400000000000000000e+01,-9.660926989917313357e-01,-4.593570270101346442e-01,1.069740146628477939e+00
5.500000000000000000e+01,-9.890605503422380540e-01,-4.110523920605480552e-01,1.071076487120312670e+00
5.600000000000000000e+01,-1.009613169945265509e+00,-3.615993645434361636e-01,1.072414496995049316e+00
5.700000000000000000e+01,-1.027693138172437237e+00,-3.111187060461728660e-01,1.073754178338113485e+00
5.800000000000000000e+01,-1.043249073474745936e+00,-2.597340491375509930e-01,1.075095533237536927e+00
5.900000000000000000e+01,-1.056235775931623433e+00,-2.075715954638137073e-01,1.076438563783958857e+00
6.000000000000000000e+01,-1.066614355704814221e+00,-1.547598066672325468e-01,1.077783272070630627e+00
6.100000000000000000e+01,-1.074352346038175865e+00,-1.014290888819918413e-01,1.079129660193418605e+00
6.200000000000000000e+01,-1.079423800482275375e+00,-4.771147158008304245e-02,1.080477730250807289e+00
6.300000000000000000e+01,-1.081809374061279527e+00,6.259718444030726303e-03,1.081827484343902190e+00
6.400000000000000000e+01,-1.081496388139078002e+00,6.035018714709470405e-02,1.083178924576434277e+00
6.500000000000000000e+01,-1.078478878781723216e+00,1.144250065540486083e-01,1.084532053054761969e+00
6.600000000000000000e+01,-1.072757628454020784e+00,1.683489504931347802e-01,1.085886871887875138e+00
6.700000000000000000e+01,-1.064340180929363999e+00,2.219868319158358194e-01,1.087243383187398882e+00
6.800000000000000000e+01,-1.053240839333572154e+00,2.752038409623039916e-01,1.088601589067594855e+00
6.900000000000000000e+01,-1.039480647285456971e+00,3.278658829289826104e-01,1.089961491645367264e+00
7.000000000000000000e+01,-1.023087353139007893e+00,3.798399152932554479e-01,1.091323093040263759e+00
7.100000000000000000e+01,-1.004095357374345188e+00,4.309942829502058648e-01,1.092686395374480757e+00
7.200000000000000000e+01,-9.825456432268349083e-01,4.811990508189231130e-01,1.094051400772864557e+00
7.300000000000000000e+01,-9.584856906858887360e-01,5.303263329802648807e-01,1.095418111362916891e+00
7.400000000000000000e+01,-9.319693740368755197e-01,5.782506175145593064e-01,1.096786529274796917e+00
7.500000000000000000e+01,-9.030568431611475377e-01,6.248490862164031157e-01,1.098156656641324336e+00
7.600000000000000000e+01,-8.718143888503273597e-01,6.700019283744604870e-01,1.099528495597983824e+00
7.700000000000000000e+01,-8.383142924316043798e-01,7.135926478169768439e-01,1.100902048282927703e+00
7.800000000000000000e+01,-8.026346600407555654e-01,7.555083624385570129e-01,1.102277316836978827e+00
7.900000000000000000e+01,-7.648592419188277036e-01,7.956400954405947745e-01,1.103654303403635017e+00
8.000000000000000000e+01,-7.250772371467979482e-01,8.338830575365361319e-01,1.105033010129071069e+00
8.100000000000000000e+01,-6.833830842699711861e-01,8.701369193938760516e-01,1.106413439162143852e+00
8.200000000000000000e+01,-6.398762383002774001e-01,9.043060736073745831e-01,1.107795592654393868e+00
8.300000000000000000e+01,-5.946609346199086543e-01,9.362998855223884087e-01,1.109179472760049245e+00
8.400000000000000000e+01,-5.478459403437891950e-01,9.660329322533838248e-01,1.110565081636029738e+00
8.500000000000000000e+01,-4.995442937311199705e-01,9.934252292705733067e-01,1.111952421441949390e+00
8.600000000000000000e+01,-4.498730322675912885e-01,1.018402443957129311e+00,1.113341494340119864e+00
8.700000000000000000e+01,-3.989529100697348230e-01,1.040896095570508884e+00,1.114732302495554217e+00
8.800000000000000000e+01,-3.469081052912093566e-01,1.060843741073995705e+00,1.116124848075970233e+00
8.900000000000000000e+01,-2.938659182375095713e-01,1.078189146338556226e+00,1.117519133251793306e+00
9.000000000000000000e+01,-2.399564609205817600e-01,1.092882442250431740e+00,1.118915160196160219e+00
9.100000000000000000e+01,-1.853123388080601674e-01,1.104880265296460884e+00,1.120312931084922914e+00
9.200000000000000000e+01,-1.300683255432371066e-01,1.114145882236863949e+00,1.121712448096650716e+00
9.300000000000000000e+01,-7.436103143139391469e-02,1.120649298514025727e+00,1.123113713412635217e+00
9.400000000000000000e+01,-1.832856650569262419e-02,1.124367350085595518e+00,1.124516729216892497e+00
9.500000000000000000e+01,3.788980099858715173e-02,1.125283778410880231e+00,1.125921497696166895e+00
9.600000000000000000e+01,9.415398991913116744e-02,1.123389288360950866e+00,1.127328021039934569e+00
9.700000000000000000e+01,1.503234543371786969e-01,1.118681588864994358e+00,1.128736301440407264e+00
9.800000000000000000e+01,2.062575337804284092e-01,1.111165416148135465e+00,1.130146341092534534e+00
9.900000000000000000e+01,2.618158045878351547e-01,1.100852539459113988e+00,1.131558142194008409e+00
1.000000000000000000e+02,3.168584315607908541e-01,1.087761749229722241e+00,1.132971706945265833e+00
1.010000000000000000e+02,3.712465190222769551e-01,1.071918827651682671e+00,1.134387037549493327e+00
1.020000000000000000e+02,4.248424604048610664e-01,1.053356501700568826e+00,1.135804136212628990e+00
1.030000000000000000e+02,4.775102854898894966e-01,1.032114378680325739e+00,1.137223005143367160e+00
1.040000000000000000e+02,5.291160044239058280e-01,1.008238864405831325e+00,1.138643646553160638e+00
1.050000000000000000e+02,5.795279476441973499e-01,9.817830641846360118e-01,1.140066062656225565e+00
1.060000000000000000e+02,6.286171008534291449e-01,9.528066668024260943e-01,1.141490255669543430e+00
1.070000000000000000e+02,6.762574341935504441e-01,9.213758117597545816e-01,1.142916227812865948e+00
1.080000000000000000e+02,7.223262247815381842e-01,8.875629400500770760e-01,1.144343981308717284e+00
1.090000000000000000e+02,7.667043717840420491e-01,8.514466288110001946e-01,1.145773518382398271e+00
1.100000000000000000e+02,8.092767032245921088e-01,8.131114102217981143e-01,1.147204841261989072e+00
1.110000000000000000e+02,8.499322737356820312e-01,7.726475750605684700e-01,1.148637952178354293e+00
1.120000000000000000e+02,8.885646524887104158e-01,7.301509613737843241e-01,1.150072853365144088e+00
1.130000000000000000e+02,9.250722005573995821e-01,6.857227287493488088e-01,1.151509547058799932e+00
1.140000000000000000e+02,9.593583369948670558e-01,6.394691187214788242e-01,1.152948035498557067e+00
1.150000000000000000e+02,9.913317929309409804e-01,5.915012018717354936e-01,1.154388320926446942e+00
1.160000000000000000e+02,1.020906853024527772e+00,5.419346122251884612e-01,1.155830405587303433e+00
1.170000000000000000e+02,1.048003583635787272e+00,4.908892695739620615e-01,1.157274291728763282e+00
1.180000000000000000e+02,1.072548047114485481e+00,4.384890903921727090e-01,1.158719981601271876e+00
1.190000000000000000e+02,1.094472501634094153e+00,3.848616880364484349e-01,1.160167477458085239e+00
1.200000000000000000e+02,1.113715586035916472e+00,3.301380629547437384e-01,1.161616781555274924e+00
1.210000000000000000e+02,1.130222489183653645e+00,2.744522836529479370e-01,1.163067896151730451e+00
1.220000000000000000e+02,1.143945103366301064e+00,2.179411591937652493e-01,1.164520823509163083e+00
1.230000000000000000e+02,1.154842161325989380e+00,1.607439040254501905e-01,1.165975565892109822e+00
1.240000000000000000e+02,1.162879356527261931e+00,1.030017959591507104e-01,1.167432125567936074e+00
1.250000000000000000e+02,1.168029446325219434e+00,4.485782813278760967e-02,1.168890504806840092e+00
1.260000000000000000e+02,1.170272337731858903e+00,-1.354364418347336202e-02,1.170350705881856079e+00
1.270000000000000000e+02,1.169595155522685337e+00,-7.205726107006631131e-02,1.171812731068857305e+00
1.280000000000000000e+02,1.165992292469182123e+00,-1.305370188462005865e-01,1.173276582646560762e+00
1.290000000000000000e+02,1.159465441526872143e+00,-1.888366334696597038e-01,1.174742262896529610e+00
1.300000000000000000e+02,1.150023609853389139e+00,-2.468099055460033220e-01,1.176209774103177397e+00
1.310000000000000000e+02,1.137683114576089061e+00,-3.043110860386727956e-01,1.177679118553770943e+00
1.320000000000000000e+02,1.122467560274155396e+00,-3.611952417674772486e-01,1.179150298538435226e+00
1.330000000000000000e+02,1.104407798185781608e+00,-4.173186197811850073e-01,1.180623316350155605e+00
1.340000000000000000e+02,1.083541867196722297e+00,-4.725390096904740767e-01,1.182098174284781367e+00
1.350000000000000000e+02,1.059914916712198618e+00,-5.267161030503102470e-01,1.183574874641030839e+00
1.360000000000000000e+02,1.033579111559683072e+00,-5.797118488859202001e-01,1.185053419720493384e+00
1.370000000000000000e+02,1.004593519115386968e+00,-6.313908044639043871e-01,1.186533811827633400e+00
1.380000000000000000e+02,9.730239788921917210e-01,-6.816204804196737133e-01,1.188016053269794536e+00
1.390000000000000000e+02,9.389429548712080464e-01,-7.302716793642832771e-01,1.189500146357202359e+00
1.400000000000000000e+02,9.024293709029939103e-01,-7.772188271078437349e-01,1.190986093402969015e+00
1.410000000000000000e+02,8.635684295476017125e-01,-8.223402956529934915e-01,1.192473896723095450e+00
1.420000000000000000e+02,8.224514147649519824e-01,-8.655187171303735383e-01,1.193963558636476519e+00
1.430000000000000000e+02,7.791754789084333055e-01,-9.066412878686211929e-01,1.195455081464903202e+00
1.440000000000000000e+02,7.338434145150022347e-01,-9.456000618140428804e-01,1.196948467533067717e+00
1.450000000000000000e+02,6.865634114243001074e-01,-9.822922325397930310e-01,1.198443719168565513e+00
1.460000000000000000e+02,6.374487997973103948e-01,-1.016620403111007986e+00,1.199940838701900381e+00
1.470000000000000000e+02,5.866177796417599843e-01,-1.048492843100873539e+00,1.201439828466486892e+00
1.480000000000000000e+02,5.341931374867162630e-01,-1.077823732082961561e+00,1.202940690798655066e+00
1.490000000000000000e+02,4.803019508825681627e-01,-1.104533388957297468e+00,1.204443428037653252e+00
1.500000000000000000e+02,4.250752814347033004e-01,-1.128548486501425918e+00,1.205948042525651909e+00
1.510000000000000000e+02,3.686478571096319934e-01,-1.149802250573161100e+00,1.207454536607747375e+00
1.520000000000000000e+02,3.111577445809739495e-01,-1.168234643428642805e+00,1.208962912631966091e+00
1.530000000000000000e+02,2.527460124095418093e-01,-1.183792530657691522e+00,1.210473172949266818e+00
1.540000000000000000e+02,1.935563858766572443e-01,-1.196429831278168709e+00,1.211985319913546189e+00
1.550000000000000000e+02,1.337348943127488199e-01,-1.206107650572001644e+00,1.213499355881640263e+00
1.560000000000000000e+02,7.342951178414873492e-02,-1.212794395287638993e+00,1.215015283213330077e+00
1.570000000000000000e+02,1.278979201976677971e-02,-1.216465870876846322e+00,1.216533104271344090e+00
1.580000000000000000e+02,-4.803350152407553919e-02,-1.217105360477834575e+00,1.218052821421363063e+00
1.590000000000000000e+02,-1.088887695479672790e-01,-1.214703685401630873e+00,1.219574437032022507e+00
1.600000000000000000e+02,-1.696239538180488171e-01,-1.209259246924232478e+00,1.221097953474916453e+00
1.610000000000000000e+02,-2.300869161642604410e-01,-1.200778049233329980e+00,1.222623373124602342e+00
1.620000000000000000e+02,-2.901258186259269567e-01,-1.189273703425116846e+00,1.224150698358603684e+00
1.630000000000000000e+02,-3.495895037971827879e-01,-1.174767412493820551e+00,1.225679931557413838e+00
1.640000000000000000e+02,-4.083278744218737932e-01,-1.157287937303961511e+00,1.227211075104500226e+00
1.650000000000000000e+02,-4.661922712870718577e-01,-1.136871543582867794e+00,1.228744131386307448e+00
1.660000000000000000e+02,-5.230358484662152030e-01,-1.113561930018514223e+00,1.230279102792261492e+00
1.670000000000000000e+02,-5.787139449671409031e-01,-1.087410137595203441e+00,1.231815991714773295e+00
1.680000000000000000e+02,-6.330844518469010973e-01,-1.058474440346846457e+00,1.233354800549242292e+00
1.690000000000000000e+02,-6.860081738642433979e-01,-1.026820217754501385e+00,1.234895531694060189e+00
1.700000000000000000e+02,-7.373491847519684228e-01,-9.925198090612892265e-01,1.236438187550615186e+00
1.710000000000000000e+02,-7.869751752050329063e-01,-9.556523498236908498e-01,1.237982770523295306e+00
1.720000000000000000e+02,-8.347577926962174155e-01,-9.163035910634391712e-01,1.239529283019491945e+00
1.730000000000000000e+02,-8.805729722493893519e-01,-8.745657014286283282e-01,1.241077727449603652e+00
1.740000000000000000e+02,-9.243012573208208016e-01,-8.305370528161588606e-01,1.242628106227040563e+00
1.750000000000000000e+02,-9.658281099616287113e-01,-7.843219899501178149e-01,1.244180421768227518e+00
1.760000000000000000e+02,-1.005044209459134530e+00,-7.360305844520363960e-01,1.245734676492608051e+00
1.770000000000000000e+02,-1.041845738681736355e+00,-6.857783739790797028e-01,1.247290872822648167e+00
1.780000000000000000e+02,-1.076134657380690252e+00,-6.336860870449928518e-01,1.248849013183839451e+00
1.790000000000000000e+02,-1.107818961732939922e+00,-5.798793541759583725e-01,1.250409100004704843e+00
1.800000000000000000e+02,-1.136812929441737730e+00,-5.244884060893113542e-01,1.251971135716799077e+00
1.810000000000000000e+02,-1.163037349746203208e+00,-4.676477596172244899e-01,1.253535122754716236e+00
1.820000000000000000e+02,-1.186419737727064438e+00,-4.094958921299143295e-01,1.255101063556091079e+00
1.830000000000000000e+02,-1.206894532333560255e+00,-3.501749052435610965e-01,1.256668960561603265e+00
1.840000000000000000e+02,-1.224403277595738304e+00,-2.898301786268830949e-01,1.258238816214981348e+00
1.850000000000000000e+02,-1.238894786527082514e+00,-2.286100147470961907e-01,1.259810632963007215e+00
1.860000000000000000e+02,-1.250325287264437257e+00,-1.666652754207420539e-01,1.261384413255518755e+00
1.870000000000000000e+02,-1.258658551035474416e+00,-1.041490110575201827e-01,1.262960159545414740e+00
1.880000000000000000e+02,-1.263866001588350496e+00,-4.121608350574645918e-02,1.264537874288657715e+00
1.890000000000000000e+02,-1.265926805763637919e+00,2.197721657367106285e-02,1.266117559944278437e+00
1.900000000000000000e+02,-1.264827944934954429e+00,8.527355686185296435e-02,1.267699218974379427e+00
1.910000000000000000e+02,-1.260564267091861756e+00,1.485149541086006886e-01,1.269282853844139192e+00
1.920000000000000000e+02,-1.253138519386431726e+00,2.115431674631937931e-01,1.270868467021815551e+00
1.930000000000000000e+02,-1.242561361013271970e+00,2.742000934325153905e-01,1.272456060978749415e+00
1.940000000000000000e+02,-1.228851356341646106e+00,3.363281614831790112e-01,1.274045638189369889e+00
1.950000000000000000e+02,-1.212034948267487255e+00,3.977707293002613054e-01,1.275637201131196274e+00
1.960000000000000000e+02,-1.192146411802474271e+00,4.583724767136356792e-01,1.277230752284843396e+00
1.970000000000000000e+02,-1.169227787966792498e+00,5.179797973037594261e-01,1.278826294134024488e+00
1.980000000000000000e+02,-1.143328798101604482e+00,5.764411867020990954e-01,1.280423829165555416e+00
1.990000000000000000e+02,-1.114506738766499527e+00,6.336076266071792862e-01,1.282023359869359558e+00
2.000000000000000000e+02,-1.082826357436140530e+00,6.893329635455042181e-01,1.283624888738469361e+00
2.010000000000000000e+02,-1.048359709258865236e+00,7.434742814173112002e-01,1.285228418269032558e+00
2.020000000000000000e+02,-1.011185995187999787e+00,7.958922668802544953e-01,1.286833950960315498e+00
2.030000000000000000e+02,-9.713913818439871006e-01,8.464515666396544846e-01,1.288441489314705368e+00
2.040000000000000000e+02,-9.290688035120043820e-01,8.950211357318538230e-01,1.290051035837716409e+00
2.050000000000000000e+02,-8.843177467254117463e-01,9.414745759074540921e-01,1.291662593037992357e+00
2.060000000000000000e+02,-8.372440179300389973e-01,9.856904632437246683e-01,1.293276163427310665e+00
2.070000000000000000e+02,-7.879594947678527639e-01,1.027552664140226613e+00,1.294891749520587387e+00
2.080000000000000000e+02,-7.365818615608414888e-01,1.066950638878619184e+00,1.296509353835878953e+00
2.090000000000000000e+02,-6.832343296169105518e-01,1.103779731956661347e+00,1.298128978894388830e+00
2.100000000000000000e+02,-6.280453430190774400e-01,1.137941448437506775e+00,1.299750627220468635e+00
2.110000000000000000e+02,-5.711482705972020790e-01,1.169343715588460730e+00,1.301374301341624573e+00
2.120000000000000000e+02,-5.126810848177790758e-01,1.197901129118320807e+00,1.303000003788519878e+00
2.130000000000000000e+02,-4.527860283618630466e-01,1.223535183359209855e+00,1.304627737094978812e+00
2.140000000000000000e+02,-3.916092691939025427e-01,1.246174484777303082e+00,1.306257503797991326e+00
2.150000000000000000e+02,-3.293005449550373553e-01,1.265754948236998301e+00,1.307889306437716392e+00
2.160000000000000000e+02,-2.660127975431874070e-01,1.282219975484750085e+00,1.309523147557486222e+00
2.170000000000000000e+02,-2.019017987689498972e-01,1.295520615361909433e+00,1.311159029703810708e+00
2.180000000000000000e+02,-1.371257680008544089e-01,1.305615705300356977e+00,1.312796955426380086e+00
2.190000000000000000e+02,-7.184498273583656003e-02,1.312471993700399686e+00,1.314436927278070266e+00
2.200000000000000000e+02,-6.221383050816570170e-03,1.316064242837191589e+00,1.316078947814945943e+00
2.210000000000000000e+02,5.958182909104300928e-02,1.316375311989732344e+00,1.317723019596265255e+00
2.220000000000000000e+02,1.254005946905296098e-01,1.313396220535180126e+00,1.319369145184483116e+00
2.230000000000000000e+02,1.910704057172886161e-01,1.307126190800653731e+00,1.321017327145256104e+00
2.240000000000000000e+02,2.564267152573213027e-01,1.297572670514789195e+00,1.322667568047444453e+00
2.250000000000000000e+02,3.213053487830607735e-01,1.284751334751923046e+00,1.324319870463118942e+00
2.260000000000000000e+02,3.855429155206569480e-01,1.268686067312770005e+00,1.325974236967562891e+00
2.270000000000000000e+02,4.489772188862954372e-01,1.249408921536737216e+00,1.327630670139276825e+00
2.280000000000000000e+02,5.114476649631323202e-01,1.226960060592422463e+00,1.329289172559982024e+00
2.290000000000000000e+02,5.727956679927534989e-01,1.201387677344265770e+00,1.330949746814624968e+00
2.300000000000000000e+02,6.328650518599667762e-01,1.172747893944628084e+00,1.332612395491381774e+00
2.310000000000000000e+02,6.915024465571981693e-01,1.141104641351629700e+00,1.334277121181661530e+00
2.320000000000000000e+02,7.485576786247796210e-01,1.106529519023769836e+00,1.335943926480110289e+00
2.330000000000000000e+02,8.038841545759680685e-01,1.069101635092530866e+00,1.337612813984615512e+00
2.340000000000000000e+02,8.573392363305946118e-01,1.028907427363732419e+00,1.339283786296310508e+00
2.350000000000000000e+02,9.087846076987812216e-01,9.860404655472027047e-01,1.340956846019577098e+00
2.360000000000000000e+02,9.580866309761413291e-01,9.406012351622636825e-01,1.342631995762051167e+00
2.370000000000000000e+02,1.005116692734254524e+00,8.926969036134566604e-01,1.344309238134626217e+00
2.380000000000000000e+02,1.049751537914927368e+00,8.424410689767439786e-01,1.345988575751456473e+00
2.390000000000000000e+02,1.091873591363764495e+00,7.899534920809976324e-01,1.347670011229962661e+00
2.400000000000000000e+02,1.131371265967814344e+00,7.353598125128093521e-01,1.349353547190835112e+00
2.410000000000000000e+02,1.168139256593454745e+00,6.787912492144185794e-01,1.351039186258037539e+00
2.420000000000000000e+02,1.202078819054175574e+00,6.203842863847458533e-01,1.352726931058811921e+00
2.430000000000000000e+02,1.233098033373412949e+00,5.602803454320370857e-01,1.354416784223682502e+00
2.440000000000000000e+02,1.261112050645014859e+00,4.986254437633664272e-01,1.356108748386459117e+00
2.450000000000000000e+02,1.286043322833183122e+00,4.355698412311156953e-01,1.357802826184241640e+00
2.460000000000000000e+02,1.307821814894738921e+00,3.712676750894565170e-01,1.359499020257425306e+00
2.470000000000000000e+02,1.326385198649211672e+00,3.058765843447195376e-01,1.361197333249702268e+00
2.480000000000000000e+02,1.341679027866447660e+00,2.395573244122589651e-01,1.362897767808068705e+00
2.490000000000000000e+02,1.353656894087060580e+00,1.724733730189365599e-01,1.364600326582826595e+00
2.500000000000000000e+02,1.362280562738007461e+00,1.047905283145835337e-01,1.366305012227588822e+00
2.510000000000000000e+02,1.367520089153736684e+00,3.667650017768316062e-02,1.368011827399283842e+00
2.520000000000000000e+02,1.369353914162620756e+00,-3.169950428000367637e-02,1.369720774758157900e+00
2.530000000000000000e+02,1.367768938948620505e+00,-1.001671999881347114e-01,1.371431856967781693e+00
2.540000000000000000e+02,1.362760578949213874e+00,-1.685556469355657394e-01,1.373145076695053257e+00
2.550000000000000000e+02,1.354332796602435662e+00,-2.366936758830264220e-01,1.374860436610201297e+00
2.560000000000000000e+02,1.342498112808284239e+00,-3.044103157131481940e-01,1.376577939386790739e+00
2.570000000000000000e+02,1.327277597022626932e+00,-3.715352213535624282e-01,1.378297587701726945e+00
2.580000000000000000e+02,1.308700835954948793e+00,-4.378991012046937747e-01,1.380019384235257940e+00
2.590000000000000000e+02,1.286805880894714038e+00,-5.033341430024411700e-01,1.381743331670981068e+00
2.600000000000000000e+02,1.261639173744592002e+00,-5.676744370471769052e-01,1.383469432695846102e+00
2.610000000000000000e+02,1.233255451892233179e+00,-6.307563957344064498e-01,1.385197690000158577e+00
2.620000000000000000e+02,1.201717632105512745e+00,-6.924191683290180643e-01,1.386928106277585560e+00
2.630000000000000000e+02,1.167096673689061781e+00,-7.525050499342936794e-01,1.388660684225158759e+00
2.640000000000000000e+02,1.129471421192347114e+00,-8.108598836187467240e-01,1.390395426543279411e+00
2.650000000000000000e+02,1.088928427011409683e+00,-8.673334546783640908e-01,1.392132335935721610e+00
2.660000000000000000e+02,1.045561754277491540e+00,-9.217798760289346305e-01,1.393871415109637635e+00
2.670000000000000000e+02,9.994727604760448303e-01,-9.740579637428091742e-01,1.395612666775561062e+00
2.680000000000000000e+02,9.507698622889043660e-01,-1.024031601766611344e+00,1.397356093647411646e+00
2.690000000000000000e+02,8.995682822005738322e-01,-1.071570094881056479e+00,1.399101698442499764e+00
2.700000000000000000e+02,8.459897774565210415e-01,-1.116548508991085153e+00,1.400849483881530189e+00
2.710000000000000000e+02,7.901623520069668283e-01,-1.158847997863911239e+00,1.402599452688606085e+00
2.720000000000000000e+02,7.322199521137712219e-01,-1.198356115464259686e+00,1.404351607591234119e+00
2.730000000000000000e+02,6.723021463405582931e-01,-1.234967113069948219e+00,1.406105951320327563e+00
2.740000000000000000e+02,6.105537906870608378e-01,-1.268582220386976100e+00,1.407862486610212072e+00
2.750000000000000000e+02,5.471246796677120550e-01,-1.299109909921329242e+00,1.409621216198628568e+00
2.760000000000000000e+02,4.821691841716455595e-01,-1.326466143904714734e+00,1.411382142826737685e+00
2.770000000000000000e+02,4.158458769764098450e-01,-1.350574603113297023e+00,1.413145269239125090e+00
2.780000000000000000e+02,3.483171468207449939e-01,-1.371366896962117554e+00,1.414910598183804380e+00
2.790000000000000000e+02,2.797488019726391273e-01,-1.388782754303154787e+00,1.416678132412222846e+00
2.800000000000000000e+02,2.103096642574813768e-01,-1.402770194401786741e+00,1.418447874679264142e+00
2.810000000000000000e+02,1.401711545373920398e-01,-1.413285677614660729e+00,1.420219827743253393e+00
2.820000000000000000e+02,6.950687065665900333e-02,-1.420294235341530431e+00,1.421993994365962299e+00
2.830000000000000000e+02,-1.507841110417518227e-03,-1.423769578874363395e+00,1.423770377312611579e+00
2.840000000000000000e+02,-7.269632005413569076e-02,-1.423694186818842411e+00,1.425548979351876966e+00
2.850000000000000000e+02,-1.438810293950777974e-01,-1.420059370816135536e+00,1.427329803255892759e+00
2.860000000000000000e+02,-2.148839979358845853e-01,-1.412865319346381598e+00,1.429112851800256490e+00
2.870000000000000000e+02,-2.855272639032036541e-01,-1.402121119449587283e+00,1.430898127764032468e+00
2.880000000000000000e+02,-3.556333198756830294e-01,-1.387844756254427159e+00,1.432685633929757119e+00
2.890000000000000000e+02,-4.250255576884043873e-01,-1.370063090260642991e+00,1.434475373083442529e+00
2.900000000000000000e+02,-4.935287122014365702e-01,-1.348811812376222719e+00,1.436267348014581557e+00
2.910000000000000000e+02,-5.609693028202477061e-01,-1.324135376766150785e+00,1.438061561516151166e+00
2.920000000000000000e+02,-6.271760716585552675e-01,-1.296086911625138338e+00,1.439858016384617745e+00
2.930000000000000000e+02,-6.919804172398121844e-01,-1.264728108042210586e+00,1.441656715419941337e+00
2.940000000000000000e+02,-7.552168226419226915e-01,-1.230129087180219960e+00,1.443457661425579408e+00
2.950000000000000000e+02,-8.167232770009337228e-01,-1.192368246048123748e+00,1.445260857208491068e+00
2.960000000000000000e+02,-8.763416893033398880e-01,-1.151532082198077012e+00,1.447066305579143286e+00
2.970000000000000000e+02,-9.339182934132437275e-01,-1.107714997732909934e+00,1.448874009351512449e+00
2.980000000000000000e+02,-9.893040432998891909e-01,-1.061019083062247681e+00,1.450683971343091017e+00
2.990000000000000000e+02,-1.042354997453001531e+00,-1.011553880897253288e+00,1.452496194374891081e+00
3.000000000000000000e+02,-1.092932691497864095e+00,-9.594361310246032337e-01,1.454310681271448580e+00
3.010000000000000000e+02,-1.140904498049094329e+00,-9.047894964497100734e-01,1.456127434860828407e+00
3.020000000000000000e+02,-1.186143972871579910e+00,-8.477442715472554013e-01,1.457946457974627519e+00
3.030000000000000000e+02,-1.228531186448942769e+00,-7.884370729036763725e-01,1.459767753447980487e+00
3.040000000000000000e+02,-1.267953040094126571e+00,-7.270105135812292563e-01,1.461591324119563939e+00
3.050000000000000000e+02,-1.304303565773188067e+00,-6.636128615765228833e-01,1.463417172831600555e+00
3.060000000000000000e+02,-1.337484208852014245e+00,-5.983976832878634688e-01,1.465245302429862839e+00
3.070000000000000000e+02,-1.367404093016407529e+00,-5.315234728452628010e-01,1.467075715763679566e+00
3.080000000000000000e+02,-1.393980266658670697e+00,-4.631532681944424135e-01,1.468908415685937774e+00
3.090000000000000000e+02,-1.417137930068392837e+00,-3.934542548615088675e-01,1.470743405053088981e+00
3.100000000000000000e+02,-1.436810642811468197e+00,-3.225973583580892257e-01,1.472580686725152521e+00
3.110000000000000000e+02,-1.452940510729372692e+00,-2.507568262175158269e-01,1.474420263565721534e+00
3.120000000000000000e+02,-1.465478352040248566e+00,-1.781098006810472034e-01,1.476262138441965632e+00
3.130000000000000000e+02,-1.474383842074300954e+00,-1.048358830790347695e-01,1.478106314224635787e+00
3.140000000000000000e+02,-1.479625636228252716e+00,-3.111669097531971628e-02,1.479952793788070542e+00
3.150000000000000000e+02,-1.481181470777018783e+00,4.286459083609292509e-02,1.481801580010197794e+00
3.160000000000000000e+02,-1.479038241235214102e+00,1.169236643749438642e-01,1.483652675772540785e+00
3.170000000000000000e+02,-1.473192058016466799e+00,1.908755764367045527e-01,1.485506083960222989e+00
3.180000000000000000e+02,-1.463648279194631474e+00,2.645351793375279037e-01,1.487361807461971885e+00
3.190000000000000000e+02,-1.450421520227755057e+00,3.377175932972594774e-01,1.489219849170123622e+00
3.200000000000000000e+02,-1.433535640562892066e+00,4.102386693086472191e-01,1.491080211980626791e+00
3.210000000000000000e+02,-1.413023707097459614e+00,4.819154513367918113e-01,1.492942898793048645e+00
3.220000000000000000e+02,-1.388927934530620023e+00,5.525666366916648364e-01,1.494807912510578207e+00
3.230000000000000000e+02,-1.361299602696036892e+00,6.220130334181958043e-01,1.496675256040031377e+00
3.240000000000000000e+02,-1.330198951025127085e+00,6.900780135529976933e-01,1.498544932291854703e+00
3.250000000000000000e+02,-1.295695050347477117e+00,7.565879611042540809e-01,1.500416944180131384e+00
3.260000000000000000e+02,-1.257865652292264436e+00,8.213727136216278923e-01,1.502291294622584372e+00
3.270000000000000000e+02,-1.216797016611183002e+00,8.842659962362411363e-01,1.504167986540581703e+00
3.280000000000000000e+02,-1.172583716799370901e+00,9.451058470668003419e-01,1.506047022859140938e+00
3.290000000000000000e+02,-1.125328424446030873e+00,1.003735032906768909e+00,1.507928406506933161e+00
3.300000000000000000e+02,-1.075141672800692394e+00,1.060001454129070542e+00,1.509812140416288750e+00
3.310000000000000000e+02,-1.022141600094238933e+00,1.113758537769105050e+00,1.511698227523200488e+00
3.320000000000000000e+02,-9.664536732057836810e-01,1.164865617773817030e+00,1.513586670767329334e+00
3.330000000000000000e+02,-9.082103923170927740e-01,1.213188301434106275e+00,1.515477473092008642e+00
3.340000000000000000e+02,-8.475509772453874158e-01,1.258598821049961014e+00,1.517370637444247938e+00
3.350000000000000000e+02,-7.846210361928893651e-01,1.300976369912230313e+00,1.519266166774738469e+00
3.360000000000000000e+02,-7.195722176972778605e-01,1.340207421721874681e+00,1.521164064037858310e+00
3.370000000000000000e+02,-6.525618466111841043e-01,1.376186032606738552e+00,1.523064332191675252e+00
3.380000000000000000e+02,-5.837525449808471656e-01,1.408814124937297851e+00,1.524966974197953018e+00
3.390000000000000000e+02,-5.133118387339822286e-01,1.438001752186340187e+00,1.526871993022154594e+00
3.400000000000000000e+02,-4.414117511246652414e-01,1.463667344123039227e+00,1.528779391633447782e+00
3.410000000000000000e+02,-3.682283839185132579e-01,1.485737931679272483e+00,1.530689173004709636e+00
3.420000000000000000e+02,-2.939414873345496115e-01,1.504149350875198188e+00,1.532601340112531352e+00
3.430000000000000000e+02,-2.187340197907897132e-01,1.518846425241925591e+00,1.534515895937221597e+00
3.440000000000000000e+02,-1.427916985286934448e-01,1.529783126231465173e+00,1.536432843462812725e+00
3.450000000000000000e+02,-6.630254221712017504e-02,1.536922711157899801e+00,1.538352185677064776e+00
3.460000000000000000e+02,1.054359334077481503e-02,1.540237838268755821e+00,1.540273925571469693e+00
3.470000000000000000e+02,8.755548525421261163e-02,1.539710658601717075e+00,1.542198066141257318e+00
3.480000000000000000e+02,1.645410181842984765e-01,1.535332884339006387e+00,1.544124610385398499e+00
3.490000000000000000e+02,2.413076624012487903e-01,1.527105833429791559e+00,1.546053561306610424e+00
3.500000000000000000e+02,3.176629540727383683e-01,1.515040450309729225e+00,1.547984921911362166e+00
3.510000000000000000e+02,3.934149765882248295e-01,1.499157302606092257e+00,1.549918695209877129e+00
3.520000000000000000e+02,4.683728417185294424e-01,1.479486553776681035e+00,1.551854884216140373e+00
3.530000000000000000e+02,5.423471694073634941e-01,1.456067911690754668e+00,1.553793491947901950e+00
3.540000000000000000e+02,6.151505649919012386e-01,1.428950553220386555e+00,1.555734521426680894e+00
3.550000000000000000e+02,6.865980926529205997e-01,1.398193024970791454e+00,1.557677975677771665e+00
3.560000000000000000e+02,7.565077439014601390e-01,1.363863120338145496e+00,1.559623857730247698e+00
3.570000000000000000e+02,8.247008999183673694e-01,1.326037733143072384e+00,1.561572170616966071e+00
3.580000000000000000e+02,8.910027865755210108e-01,1.284802688147153926e+00,1.563522917374573051e+00
3.590000000000000000e+02,9.552429209828786627e-01,1.240252548818377765e+00,1.565476101043508317e+00
3.600000000000000000e+02,1.017255548423797507e+00,1.192490402769233793e+00,1.567431724668009396e+00
3.610000000000000000e+02,1.076880068562259263e+00,1.141627625348043962e+00,1.569389791296117220e+00
3.620000000000000000e+02,1.133961449829661516e+00,1.087783621919931054e+00,1.571350303979679675e+00
3.630000000000000000e+02,1.188350630925658180e+00,1.031085549428447878e+00,1.573313265774357594e+00
3.640000000000000000e+02,1.239904908397080563e+00,9.716680178821649472e-01,1.575278679739628762e+00
3.650000000000000000e+02,1.288488309291188738e+00,9.096727724623109301e-01,1.577246548938793236e+00
3.660000000000000000e+02,1.333971947914304401e+00,8.452483569977514710e-01,1.579216876438977790e+00
3.670000000000000000e+02,1.376234365764192003e+00,7.785497596020362066e-01,1.581189665311140358e+00
3.680000000000000000e+02,1.415161853744293818e+00,7.097380413138265620e-01,1.583164918630075357e+00
3.690000000000000000e+02,1.450648755809985202e+00,6.389799486266118933e-01,1.585142639474418358e+00
3.700000000000000000e+02,1.482597753241315708e+00,5.664475108361126665e-01,1.587122830926650519e+00
3.710000000000000000e+02,1.510920128783121319e+00,4.923176231740468700e-01,1.589105496073104140e+00
3.720000000000000000e+02,1.535536009941823599e+00,4.167716167348908263e-01,1.591090638003967106e+00
3.730000000000000000e+02,1.556374590778568212e+00,3.399948162377996463e-01,1.593078259813287101e+00
3.740000000000000000e+02,1.573374331590458253e+00,2.621760866988712135e-01,1.595068364598977162e+00
3.750000000000000000e+02,1.586483135925401911e+00,1.835073701193483120e-01,1.597060955462820342e+00
3.760000000000000000e+02,1.595658504431369362e+00,1.041832133230782137e-01,1.599056035510474816e+00
3.770000000000000000e+02,1.600867665097523318e+00,2.440028810150973726e-02,1.601053607851477656e+00
3.780000000000000000e+02,1.602087679502598894e+00,-5.564309515336643419e-02,1.603053675599251049e+00
3.790000000000000000e+02,1.599305524744930596e+00,-1.357474791284963844e-01,1.605056241871106515e+00
3.800000000000000000e+02,1.592518150788505782e+00,-2.157127553657429142e-01,1.607061309788249126e+00
3.810000000000000000e+02,1.581732513020218667e+00,-2.953386629051681922e-01,1.609068882475784168e+00
3.820000000000000000e+02,1.566965579874960213e+00,-3.744252885561791255e-01,1.611078963062719804e+00
3.830000000000000000e+02,1.548244315447151243e+00,-4.527735675499271473e-01,1.613091554681973516e+00
3.840000000000000000e+02,1.525605637069654907e+00,-5.301857833222847205e-01,1.615106660470376543e+00
3.850000000000000000e+02,1.499096347903540627e+00,-6.064660651757675103e-01,1.617124283568678544e+00
3.860000000000000000e+02,1.468773044644752224e+00,-6.814208825709445749e-01,1.619144427121552487e+00
3.870000000000000000e+02,1.434702000516205000e+00,-7.548595348031821306e-01,1.621167094277600196e+00
3.880000000000000000e+02,1.396959023776045861e+00,-8.265946348289924250e-01,1.623192288189356347e+00
3.890000000000000000e+02,1.355629292034596256e+00,-8.964425860177946959e-01,1.625220012013294246e+00
3.900000000000000000e+02,1.310807162733706566e+00,-9.642240506195245420e-01,1.627250268909829822e+00
3.910000000000000000e+02,1.262595960202730350e+00,-1.029764408756209892e+00,1.629283062043327401e+00
3.920000000000000000e+02,1.211107739764919922e+00,-1.092894206766346521e+00,1.631318394582104592e+00
3.930000000000000000e+02,1.156463029426602507e+00,-1.153449593754592550e+00,1.633356269698435836e+00
3.940000000000000000e+02,1.098790549738872802e+00,-1.211272745225922653e+00,1.635396690568559519e+00
3.950000000000000000e+02,1.038226912477576702e+00,-1.266212272712866405e+00,1.637439660372681960e+00
3.960000000000000000e+02,9.749162988419334264e-01,-1.318123618336745295e+00,1.639485182294981191e+00
3.970000000000000000e+02,9.090101179250961172e-01,-1.366869433278842028e+00,1.641533259523613841e+00
3.980000000000000000e+02,8.406666462611540602e-01,-1.412319939175096906e+00,1.643583895250718907e+00
3.990000000000000000e+02,7.700506493023991927e-01,-1.454353271488154631e+00,1.645637092672422863e+00
4.000000000000000000e+02,6.973329857279915167e-01,-1.492855803953274663e+00,1.647692854988845657e+00
4.010000000000000000e+02,6.226901955303277836e-01,-1.527722453239674261e+00,1.649751185404104037e+00
4.020000000000000000e+02,5.463040728683440372e-01,-1.558856963016190589e+00,1.651812087126317552e+00
4.030000000000000000e+02,4.683612247175344967e-01,-1.586172166659607807e+00,1.653875563367614321e+00
4.040000000000000000e+02,3.890526163845541285e-01,-1.609590227895484560e+00,1.655941617344133476e+00
4.050000000000000000e+02,3.085731049897799116e-01,-1.629042858714712327e+00,1.658010252276033381e+00
4.060000000000000000e+02,2.271209620540443064e-01,-1.644471513964201215e+00,1.660081471387493846e+00
4.070000000000000000e+02,1.448973863558342401e-01,-1.655827562066903402e+00,1.662155277906723239e+00
4.080000000000000000e+02,6.210600825248906165e-02,-1.663072431384695182e+00,1.664231675065962701e+00
4.090000000000000000e+02,-2.104761331674570579e-02,-1.666177731797319650e+00,1.666310666101490146e+00
4.100000000000000000e+02,-1.043564999066116938e-01,-1.665125351131482301e+00,1.668392254253627582e+00
4.110000000000000000e+02,-1.876127674631858089e-01,-1.659907526136151779e+00,1.670476442766744007e+00
4.120000000000000000e+02,-2.706081437699934256e-01,-1.650526887762992390e+00,1.672563234889261619e+00
4.130000000000000000e+02,-3.531344881581430784e-01,-1.636996480574492763e+00,1.674652633873660701e+00
4.140000000000000000e+02,-4.349843121868677276e-01,-1.619339756166585653e+00,1.676744642976484956e+00
4.150000000000000000e+02,-5.159512999951969547e-01,-1.597590540557242367e+00,1.678839265458345054e+00
4.160000000000000000e+02,-5.958308270230591175e-01,-1.571792975557482430e+00,1.680936504583925961e+00
4.170000000000000000e+02,-6.744204758009332279e-01,-1.542001434206329513e+00,1.683036363621990716e+00
4.180000000000000000e+02,-7.515205475112497480e-01,-1.508280410416282802e+00,1.685138845845385980e+00
4.190000000000000000e+02,-8.269345680320638881e-01,-1.470704383040720264e+00,1.687243954531045809e+00
4.200000000000000000e+02,-9.004697871840998680e-01,-1.429357654639117126e+00,1.689351692959999207e+00
4.210000000000000000e+02,-9.719376699160556798e-01,-1.384334165279912154e+00,1.691462064417373456e+00
4.220000000000000000e+02,-1.041154378180051188e+00,-1.335737281784109332e+00,1.693575072192399222e+00
4.230000000000000000e+02,-1.107941242269256721e+00,-1.283679562875106761e+00,1.695690719578416772e+00
4.240000000000000000e+02,-1.172125220413012148e+00,-1.228282500761644025e+00,1.697809009872880193e+00
4.250000000000000000e+02,-1.233539345451094338e+00,-1.169676239740993440e+00,1.699929946377362944e+00
4.260000000000000000e+02,-1.292023157438143999e+00,-1.107999272468438656e+00,1.702053532397562519e+00
4.270000000000000000e+02,-1.347423121061565920e+00,-1.043398114596531423e+00,1.704179771243306440e+00
4.280000000000000000e+02,-1.399593026791392525e+00,-9.760269585434531159e-01,1.706308666228556481e+00
4.290000000000000000e+02,-1.448394374718565247e+00,-9.060473072038834896e-01,1.708440220671414655e+00
4.300000000000000000e+02,-1.493696740078759522e+00,-8.336275884679552606e-01,1.710574437894128108e+00
4.310000000000000000e+02,-1.535378119502157190e+00,-7.589427514640172401e-01,1.712711321223093330e+00
4.320000000000000000e+02,-1.573325257075357975e+00,-6.821738454889093584e-01,1.714850873988863045e+00
4.330000000000000000e+02,-1.607433949349803548e+00,-6.035075826351414818e-01,1.716993099526151090e+00
4.340000000000000000e+02,-1.637609328481560711e+00,-5.231358851676513044e-01,1.719138001173835528e+00
4.350000000000000000e+02,-1.663766122739943176e+00,-4.412554187435732689e-01,1.721285582274966419e+00
4.360000000000000000e+02,-1.685828893677121743e+00,-3.580671126065760879e-01,1.723435846176769815e+00
4.370000000000000000e+02,-1.703732249307450486e+00,-2.737756679227200118e-01,1.725588796230653532e+00
4.380000000000000000e+02,-1.717421032703586592e+00,-1.885890554573474986e-01,1.727744435792211819e+00
4.390000000000000000e+02,-1.726850485476453922e+00,-1.027180038221681690e-01,1.729902768221230236e+00
4.400000000000000000e+02,-1.731986385667562356e+00,-1.637547954834546460e-02,1.732063796881692319e+00
4.410000000000000000e+02,-1.732805159644979609e+00,7.022383973503265597e-02,1.734227525141783355e+00
4.420000000000000000e+02,-1.729293967658227960e+00,1.568640977172816586e-01,1.736393956373896597e+00
4.430000000000000000e+02,-1.721450762772363863e+00,2.433287961001930622e-01,1.738563093954637928e+00
4.440000000000000000e+02,-1.709284322967354219e+00,3.294013342388112386e-01,1.740734941264831193e+00
4.450000000000000000e+02,-1.692814256255413596e+00,4.148655503871789829e-01,1.742909501689524410e+00
4.460000000000000000e+02,-1.672070978736054592e+00,4.995062631999496738e-01,1.745086778617993106e+00
4.470000000000000000e+02,-1.647095665576057133e+00,5.831098121367523923e-01,1.747266775443748088e+00
4.480000000000000000e+02,-1.617940174969219491e+00,6.654645954155552490e-01,1.749449495564538326e+00
4.490000000000000000e+02,-1.584666945198441645e+00,7.463616041640162013e-01,1.751634942382357396e+00
4.500000000000000000e+02,-1.547348864990240935e+00,8.255949514239382392e-01,1.753823119303449474e+00
4.510000000000000000e+02,-1.506069117419043923e+00,9.029623946734502971e-01,1.756014029738313109e+00
4.520000000000000000e+02,-1.460920997685371425e+00,9.782658505444025154e-01,1.758207677101708111e+00
4.530000000000000000e+02,-1.412007705158151216e+00,1.051311900428671064e+00,1.760404064812659097e+00
4.540000000000000000e+02,-1.359442110136717563e+00,1.121912285686578636e+00,1.762603196294462160e+00
4.550000000000000000e+02,-1.303346495852388598e+00,1.189884391193414492e+00,1.764805074974690635e+00
4.560000000000000000e+02,-1.243852276292717773e+00,1.255051715986033933e+00,1.767009704285198213e+00
4.570000000000000000e+02,-1.181099690493416121e+00,1.317244329800669744e+00,1.769217087662127152e+00
4.580000000000000000e+02,-1.115237474003382578e+00,1.376299314325340584e+00,1.771427228545911170e+00
4.590000000000000000e+02,-1.046422508287115472e+00,1.432061188025509635e+00,1.773640130381282320e+00
4.600000000000000000e+02,-9.748194488858399342e-01,1.484382313439865486e+00,1.775855796617275884e+00
4.610000000000000000e+02,-9.006003332138466932e-01,1.533123285884157472e+00,1.778074230707235692e+00
4.620000000000000000e+02,-8.239441689196388419e-01,1.578153302544849756e+00,1.780295436108819240e+00
4.630000000000000000e+02,-7.450365037923963873e-01,1.619350510990831715e+00,1.782519416284003677e+00
4.640000000000000000e+02,-6.640689782428548238e-01,1.656602336180451607e+00,1.784746174699091137e+00
4.650000000000000000e+02,-5.812388614338321879e-01,1.689805785092594270e+00,1.786975714824713624e+00
4.660000000000000000e+02,-4.967485721792024855e-01,1.718867728164285902e+00,1.789208040135839006e+00
4.670000000000000000e+02,-4.108051857709881793e-01,1.743705156773246001e+00,1.791443154111775460e+00
4.680000000000000000e+02,-3.236199279323258571e-01,1.764245416061795524e+00,1.793681060236178570e+00
4.690000000000000000e+02,-2.354076571292360587e-01,1.780426412458411711e+00,1.795921761997054888e+00
4.700000000000000000e+02,-1.463863365063154676e-01,1.792196795314873414e+00,1.798165262886768812e+00
4.710000000000000000e+02,-5.677649674057179408e-02,1.799516112140189250e+00,1.800411566402047470e+00
4.720000000000000000e+02,3.319930886643766843e-02,1.802354936977217825e+00,1.802660676043985832e+00
4.730000000000000000e+02,1.233170557152985652e-01,1.800694971533896016e+00,1.804912595318052704e+00
4.740000000000000000e+02,2.133518042919933522e-01,1.794529118748131147e+00,1.807167327734096052e+00
4.750000000000000000e+02,3.030782602293999317e-01,1.783861528533531526e+00,1.809424876806347893e+00
4.760000000000000000e+02,3.922713366560764969e-01,1.768707615522061571e+00,1.811685246053431175e+00
4.770000000000000000e+02,4.807067174321795755e-01,1.749094048689257663e+00,1.813948438998363777e+00
4.780000000000000000e+02,5.681614198666424809e-01,1.725058712817648665e+00,1.816214459168564721e+00
4.790000000000000000e+02,6.544143555075249141e-01,1.696650641824316574e+00,1.818483310095859729e+00
4.800000000000000000e+02,7.392468875987407984e-01,1.663929924048940245e+00,1.820754995316486102e+00
4.810000000000000000e+02,8.224433838011877551e-01,1.626967579669003294e+00,1.823029518371099389e+00
4.820000000000000000e+02,9.037917627846379087e-01,1.585845410478943895e+00,1.825306882804777375e+00
4.830000000000000000e+02,9.830840333085850702e-01,1.540655822339711989e+00,1.827587092167026972e+00
4.840000000000000000e+02,1.060116824425570758e+00,1.491501620674282824e+00,1.829870150011789320e+00
4.850000000000000000e+02,1.134691905459285000e+00,1.438495779453004220e+00,1.832156059897444678e+00
4.860000000000000000e+02,1.206616694431935199e+00,1.381761184180039903e+00,1.834444825386818856e+00
4.870000000000000000e+02,1.275704753640937161e+00,1.321430349458443176e+00,1.836736450047188329e+00
4.880000000000000000e+02,1.341776271113859220e+00,1.257645111776396263e+00,1.839030937450285785e+00
4.890000000000000000e+02,1.404658526702678989e+00,1.190556298220703191e+00,1.841328291172306120e+00
4.900000000000000000e+02,1.464186341613714193e+00,1.120323371885569186e+00,1.843628514793911322e+00
4.910000000000000000e+02,1.520202510207992574e+00,1.047114054804883398e+00,1.845931611900236691e+00
4.920000000000000000e+02,1.572558212948236722e+00,9.711039292944837475e-01,1.848237586080896167e+00
4.930000000000000000e+02,1.621113409412960893e+00,8.924760186470719336e-01,1.850546440929987213e+00
4.940000000000000000e+02,1.665737210345314523e+00,8.114203481764239445e-01,1.852858180046098369e+00
4.950000000000000000e+02,1.706308227754135709e+00,7.281334876591581962e-01,1.855172807032312354e+00
4.960000000000000000e+02,1.742714902137093569e+00,6.428180762714513774e-01,1.857490325496213401e+00
4.970000000000000000e+02,1.774855805950666054e+00,5.556823311645966434e-01,1.859810739049893025e+00
4.980000000000000000e+02,1.802639922508895820e+00,4.669395408670633518e-01,1.862134051309953797e+00
4.990000000000000000e+02,1.825986899552249021e+00,3.768075447416185386e-01,1.864460265897517566e+00
5.000000000000000000e+02,1.844827276789329895e+00,2.855081997640060987e-01,1.866789386438228560e+00
5.010000000000000000e+02,1.859102686777530211e+00,1.932668359245395817e-01,1.869121416562261384e+00
5.020000000000000000e+02,1.868766028573757287e+00,1.003117015856630628e-01,1.871456359904324351e+00
5.030000000000000000e+02,1.873781613653040523e+00,6.873400156975198461e-03,1.873794220103667252e+00
5.040000000000000000e+02,1.874125283660889263e+00,-8.681568052567682769e-02,1.876135000804085351e+00
5.050000000000000000e+02,1.869784499634605357e+00,-1.805219447087212936e-01,1.878478705653926273e+00
5.060000000000000000e+02,1.860758402399169231e+00,-2.740111696904515837e-01,1.880825338306095329e+00
5.070000000000000000e+02,1.847057843914646558e+00,-3.670490898104100674e-01,1.883174902418060848e+00
5.080000000000000000e+02,1.828705389424126082e+00,-4.594019820061424064e-01,1.885527401651860613e+00
5.090000000000000000e+02,1.805735290323818854e+00,-5.508372514773487438e-01,1.887882839674106084e+00
5.100000000000000000e+02,1.778193427749951372e+00,-6.411240159935396310e-01,1.890241220155989943e+00
5.110000000000000000e+02,1.746137226950274401e+00,-7.300336873810372440e-01,1.892602546773291206e+00
5.120000000000000000e+02,1.709635542581222634e+00,-8.173405487285509974e-01,1.894966823206380102e+00
5.130000000000000000e+02,1.668768515144795073e+00,-9.028223258576121291e-01,1.897334053140224519e+00
5.140000000000000000e+02,1.623627398851914538e+00,-9.862607516148518272e-01,1.899704240264396216e+00
5.150000000000000000e+02,1.574314361271171858e+00,-1.067442121557447443e+00,1.902077388273075043e+00
5.160000000000000000e+02,1.520942255193299397e+00,-1.146157839621006147e+00,1.904453500865056936e+00
5.170000000000000000e+02,1.463634363212249045e+00,-1.222204952380671061e+00,1.906832581743757471e+00
5.180000000000000000e+02,1.402524115593215548e+00,-1.295386670541283536e+00,1.909214634617219630e+00
5.190000000000000000e+02,1.337754782066151282e+00,-1.365512876320944313e+00,1.911599663198116916e+00
5.200000000000000000e+02,1.269479138250104056e+00,-1.432400615424251900e+00,1.913987671203762675e+00
5.210000000000000000e+02,1.197859107478891350e+00,-1.495874572336757025e+00,1.916378662356112095e+00
5.220000000000000000e+02,1.123065378862053487e+00,-1.555767527710701703e+00,1.918772640381771755e+00
5.230000000000000000e+02,1.045277002476518335e+00,-1.611920796653804278e+00,1.921169609012002510e+00
5.240000000000000000e+02,9.646809626438280771e-01,-1.664184646777630228e+00,1.923569571982726378e+00
5.250000000000000000e+02,8.814717303049465214e-01,-1.712418694909821681e+00,1.925972533034532530e+00
5.260000000000000000e+02,7.958507955594553707e-01,-1.756492281425068969e+00,1.928378495912683066e+00
5.270000000000000000e+02,7.080261814882019555e-01,-1.796284821203041782e+00,1.930787464367118789e+00
5.280000000000000000e+02,6.182119404280498332e-01,-1.831686130277451863e+00,1.933199442152464975e+00
5.290000000000000000e+02,5.266276339141772178e-01,-1.862596727298854393e+00,1.935614433028036485e+00
5.300000000000000000e+02,4.334977975492345093e-01,-1.888928108994563315e+00,1.938032440757845976e+00
5.310000000000000000e+02,3.390513920995063546e-01,-1.910602998872025005e+00,1.940453469110606788e+00
5.320000000000000000e+02,2.435212421559050933e-01,-1.927555568477000270e+00,1.942877521859740497e+00
5.330000000000000000e+02,1.471434637320550576e-01,-1.939731630584795585e+00,1.945304602783383130e+00
5.340000000000000000e+02,5.015688220281527832e-02,-1.947088803771398258e+00,1.947734715664389826e+00
5.350000000000000000e+02,-4.719755798575464567e-02,-1.949596647881538969e+00,1.950167864290341502e+00
5.360000000000000000e+02,-1.446773903798315997e-01,-1.947236769982251259e+00,1.952604052453550842e+00
5.370000000000000000e+02,-2.420392288789441626e-01,-1.940002900463259738e+00,1.955043283951067412e+00
5.380000000000000000e+02,-3.390393739021071440e-01,-1.927900939019312476e+00,1.957485562584684757e+00
5.390000000000000000e+02,-4.354344208530727678e-01,-1.910948970324207075e+00,1.959930892160945071e+00
5.400000000000000000e+02,-5.309818693692831548e-01,-1.889177249281553506e+00,1.962379276491146296e+00
5.410000000000000000e+02,-6.254407318333607968e-01,-1.862628155813089270e+00,1.964830719391347458e+00
5.420000000000000000e+02,-7.185721396240152270e-01,-1.831356119221421164e+00,1.967285224682374212e+00
5.430000000000000000e+02,-8.101399455850862852e-01,-1.795427512240220347e+00,1.969742796189825729e+00
5.440000000000000000e+02,-8.999113211970972692e-01,-1.754920514960966127e+00,1.972203437744080023e+00
5.450000000000000000e+02,-9.876573469451456200e-01,-1.709924948901111241e+00,1.974667153180300394e+00
5.460000000000000000e+02,-1.073153594390201082e+00,-1.660542081553853855e+00,1.977133946338440085e+00
5.470000000000000000e+02,-1.156180698467893730e+00,-1.606884401834343779e+00,1.979603821063250946e+00
5.480000000000000000e+02,-1.236524918559610997e+00,-1.549075366910949159e+00,1.982076781204286320e+00
5.490000000000000000e+02,-1.313978686905158400e+00,-1.487249120982968575e+00,1.984552830615909036e+00
5.500000000000000000e+02,-1.388341142954306884e+00,-1.421550186637710711e+00,1.987031973157296960e+00
5.510000000000000000e+02,-1.459418652286192497e+00,-1.352133129489995422e+00,1.989514212692448991e+00
5.520000000000000000e+02,-1.527025308760692202e+00,-1.279162196875685886e+00,1.991999553090190389e+00
5.530000000000000000e+02,-1.590983418604476451e+00,-1.202810931437651387e+00,1.994487998224180103e+00
5.540000000000000000e+02,-1.651123965176358954e+00,-1.123261760507427542e+00,1.996979551972915656e+00
5.550000000000000000e+02,-1.707287053201730354e+00,-1.040705562248609661e+00,1.999474218219740473e+00
5.560000000000000000e+02,-1.759322331314160825e+00,-9.553412095885231992e-01,2.001972000852848321e+00
5.570000000000000000e+02,-1.807089391793587074e+00,-8.673750930228151246e-01,2.004472903765289971e+00
5.580000000000000000e+02,-1.850458146444727836e+00,-7.770206234331358264e-01,2.006976930854980523e+00
5.590000000000000000e+02,-1.889309177616384616e+00,-6.844977161108993791e-01,2.009484086024703409e+00
5.600000000000000000e+02,-1.923534063421929563e+00,-5.900322572300801260e-01,2.011994373182117712e+00
5.610000000000000000e+02,-1.953035676283433553e+00,-4.938555540589836257e-01,2.014507796239764836e+00
5.620000000000000000e+02,-1.977728453986382640e+00,-3.962037702448119592e-01,2.017024359115072940e+00
5.630000000000000000e+02,-1.997538642498623229e+00,-2.973173475454928272e-01,2.019544065730364046e+00
5.640000000000000000e+02,-2.012404509875898029e+00,-1.974404154205616768e-01,2.022066920012860702e+00
5.650000000000000000e+02,-2.022276530646926140e+00,-9.682018992676677538e-02,2.024592925894690421e+00
5.660000000000000000e+02,-2.027117540143264396e+00,4.293636605579534415e-03,2.027122087312892784e+00
5.670000000000000000e+02,-2.026902858312985334e+00,1.056495136127427598e-01,2.029654408209426997e+00
5.680000000000000000e+02,-2.021620382632348001e+00,2.069946565283920514e-01,2.032189892531174547e+00
5.690000000000000000e+02,-2.011270649805928290e+00,3.080756756600094848e-01,2.034728544229950309e+00
5.700000000000000000e+02,-1.995866866022927733e+00,4.086392081503059104e-01,2.037270367262502546e+00
5.710000000000000000e+02,-1.975434905615412351e+00,5.084325514514522748e-01,2.039815365590524898e+00
5.720000000000000000e+02,-1.950013278042839637e+00,6.072042967322228701e-01,2.042363543180659047e+00
5.730000000000000000e+02,-1.919653063206228527e+00,7.047049606343648298e-01,2.044914904004501377e+00
5.740000000000000000e+02,-1.884417815174510347e+00,8.006876137946762340e-01,2.047469452038610527e+00
5.750000000000000000e+02,-1.844383434484776485e+00,8.949085045534017624e-01,2.050027191264512272e+00
5.760000000000000000e+02,-1.799638009257106486e+00,9.871276762776406422e-01,2.052588125668707075e+00
5.770000000000000000e+02,-1.750281625443224520e+00,1.077109576740495900e+00,2.055152259242673640e+00
5.780000000000000000e+02,-1.696426146606199836e+00,1.164623658012657215e+00,2.057719595982879124e+00
5.790000000000000000e+02,-1.638194963705567053e+00,1.249444965342967118e+00,2.060290139890780470e+00
5.800000000000000000e+02,-1.575722715438418797e+00,1.331354713528245526e+00,2.062863894972836398e+00
5.810000000000000000e+02,-1.509154979762006521e+00,1.410140849300166366e+00,2.065440865240507851e+00
5.820000000000000000e+02,-1.438647937296998247e+00,1.485598598288266681e+00,2.068021054710268203e+00
5.830000000000000000e+02,-1.364368007382585013e+00,1.557530995153116660e+00,2.070604467403609039e+00
5.840000000000000000e+02,-1.286491457624929113e+00,1.625749395522245955e+00,2.073191107347044149e+00
5.850000000000000000e+02,-1.205203987848816771e+00,1.690073968403492444e+00,2.075780978572117963e+00
5.860000000000000000e+02,-1.120700289428642193e+00,1.750334167795933205e+00,2.078374085115411773e+00
5.870000000000000000e+02,-1.033183581038845444e+00,1.806369182267365314e+00,2.080970431018548172e+00
5.880000000000000000e+02,-9.428651219254771121e-01,1.858028361319307598e+00,2.083570020328199934e+00
5.890000000000000000e+02,-8.499637038595116989e-01,1.905171617415581498e+00,2.086172857096094457e+00
5.900000000000000000e+02,-7.547051229887326018e-01,1.947669802608557044e+00,2.088778945379020424e+00
5.910000000000000000e+02,-6.573216328583046941e-01,1.985405058757993668e+00,2.091388289238834908e+00
5.920000000000000000e+02,-5.580513799204049885e-01,2.018271140400909047e+00,2.094000892742468256e+00
5.930000000000000000e+02,-4.571378229003595361e-01,2.046173709396929219e+00,2.096616759961932086e+00
5.940000000000000000e+02,-3.548291374305130863e-01,2.069030600541946985e+00,2.099235894974324168e+00
5.950000000000000000e+02,-2.513776074034157482e-01,2.086772057413472492e+00,2.101858301861836420e+00
5.960000000000000000e+02,-1.470390045327421014e-01,2.099340937783643390e+00,2.104483984711759792e+00
5.970000000000000000e+02,-4.207195764355992074e-02,2.106692888010280651e+00,2.107112947616491372e+00
5.980000000000000000e+02,6.326268675695412291e-02,2.108796485892458605e+00,2.109745194673539270e+00
5.990000000000000000e+02,1.687025110515770754e-01,2.105633351554610844e+00,2.112380729985532390e+00
6.000000000000000000e+02,2.739841786293076287e-01,2.097198226002031873e+00,2.115019557660223093e+00
6.010000000000000000e+02,3.788440899294092112e-01,2.083499017070566506e+00,2.117661681810496077e+00
6.020000000000000000e+02,4.830190407829375587e-01,2.064556812574096067e+00,2.120307106554373711e+00
6.030000000000000000e+02,5.862468814116423843e-01,2.040405860534949323e+00,2.122955836015022690e+00
6.040000000000000000e+02,6.882671744383899171e-01,2.011093516464367070e+00,2.125607874320759816e+00
6.050000000000000000e+02,7.888218502616082262e-01,1.976680157742447541e+00,2.128263225605059983e+00
6.060000000000000000e+02,8.876558581487306032e-01,1.937239065229367174e+00,2.130921894006561512e+00
6.070000000000000000e+02,9.845178114101990063e-01,1.892856272321930655e+00,2.133583883669072812e+00
6.080000000000000000e+02,1.079160625026295506e+00,1.843630381751420799e+00,2.136249198741578148e+00
6.090000000000000000e+02,1.171342144113866501e+00,1.789672350500105980e+00,2.138917843378245642e+00
6.100000000000000000e+02,1.260825761638871834e+00,1.731105243294412732e+00,2.141589821738432153e+00
6.110000000000000000e+02,1.347381023803592370e+00,1.668063955212469196e+00,2.144265137986690828e+00
6.120000000000000000e+02,1.430784221564215919e+00,1.600694904022289533e+00,2.146943796292778206e+00
6.130000000000000000e+02,1.510818966765330451e+00,1.529155692944078826e+00,2.149625800831657774e+00
6.140000000000000000e+02,1.587276751412534326e+00,1.453614744605812303e+00,2.152311155783510177e+00
6.150000000000000000e+02,1.659957488642824996e+00,1.374250907035185598e+00,2.154999865333736775e+00
6.160000000000000000e+02,1.728670033994584188e+00,1.291253032603044248e+00,2.157691933672968965e+00
6.170000000000000000e+02,1.793232685624736478e+00,1.204819530903314950e+00,2.160387364997071291e+00
6.180000000000000000e+02,1.853473662169902170e+00,1.115157896622078093e+00,2.163086163507151216e+00
6.190000000000000000e+02,1.909231557001006108e+00,1.022484213513582985e+00,2.165788333409564004e+00
6.200000000000000000e+02,1.960355767676685179e+00,9.270226356635327125e-01,2.168493878915918938e+00
6.210000000000000000e+02,2.006706899459862026e+00,8.290048472796984758e-01,2.171202804243088202e+00
6.220000000000000000e+02,2.048157141823847116e+00,7.286695023067053523e-01,2.173915113613209105e+00
6.230000000000000000e+02,2.084590616939182350e+00,6.262616452155129743e-01,2.176630811253696063e+00
6.240000000000000000e+02,2.115903699199957799e+00,5.220321143685537901e-01,2.179349901397241940e+00
6.250000000000000000e+02,2.142005304918385367e+00,4.162369294085558891e-01,2.182072388281829589e+00
6.260000000000000000e+02,2.162817151388813031e+00,3.091366641626366318e-01,2.184798276150734964e+00
6.270000000000000000e+02,2.178273984596944768e+00,2.009958065931959914e-01,2.187527569252534221e+00
6.280000000000000000e+02,2.188323774926604681e+00,9.208210736334875024e-02,2.190260271841111717e+00
6.290000000000000000e+02,2.192927880294772258e+00,-1.733408138298149492e-02,2.192996388175665778e+00
6.300000000000000000e+02,2.192061176225623242e+00,-1.269804753977201162e-01,2.195735922520714922e+00
6.310000000000000000e+02,2.185712152455737023e+00,-2.365835342090013005e-01,2.198478879146104514e+00
6.320000000000000000e+02,2.173882975745287105e+00,-3.458691418317881849e-01,2.201225262327016541e+00
6.330000000000000000e+02,2.156589518653697635e+00,-4.545632906190525402e-01,2.203975076343970052e+00
6.340000000000000000e+02,2.133861354122744913e+00,-5.623927665517374219e-01,2.206728325482833597e+00
6.350000000000000000e+02,2.105741715795157898e+00,-6.690858342578747120e-01,2.209485014034829664e+00
6.360000000000000000e+02,2.072287424082264184e+00,-7.743729200476325847e-01,2.212245146296540455e+00
6.370000000000000000e+02,2.033568778079882566e+00,-8.779872912517457939e-01,2.215008726569916764e+00
6.380000000000000000e+02,1.989669413517295204e+00,-9.796657301557398778e-01,2.217775759162281979e+00
6.390000000000000000e+02,1.940686127009508155e+00,-1.079149200831604594e+00,2.220546248386341404e+00
6.400000000000000000e+02,1.886728666967927959e+00,-1.176183507182080090e+00,2.223320198560187588e+00
6.410000000000000000e+02,1.827919491608823943e+00,-1.270519940530476566e+00,2.226097614007307435e+00
6.420000000000000000e+02,1.764393494582300104e+00,-1.361915915110917696e+00,2.228878499056588414e+00
6.430000000000000000e+02,1.696297698826754186e+00,-1.450135589840032768e+00,2.231662858042325670e+00
6.440000000000000000e+02,1.623790919334752614e+00,-1.534950474781370477e+00,2.234450695304230017e+00
6.450000000000000000e+02,1.547043395595684157e+00,-1.616140020748108030e+00,2.237242015187431488e+00
6.460000000000000000e+02,1.466236394558278811e+00,-1.693492190527892127e+00,2.240036822042490439e+00
6.470000000000000000e+02,1.381561785031884204e+00,-1.766804010255806023e+00,2.242835120225400214e+00
6.480000000000000000e+02,1.293221584519093970e+00,-1.835882099507400333e+00,2.245636914097596470e+00
6.490000000000000000e+02,1.201427479543723864e+00,-1.900543178733355099e+00,2.248442208025963840e+00
6.500000000000000000e+02,1.106400320607056065e+00,-1.960614552710541192e+00,2.251251006382840369e+00
6.510000000000000000e+02,1.008369592971529061e+00,-2.015934568740894051e+00,2.254063313546028180e+00
6.520000000000000000e+02,9.075728645344843803e-01,-2.066353048389470537e+00,2.256879133898797463e+00
6.530000000000000000e+02,8.042552121150108313e-01,-2.111731691616194784e+00,2.259698471829893585e+00
6.540000000000000000e+02,6.986686275342011143e-01,-2.151944452221945525e+00,2.262521331733544638e+00
6.550000000000000000e+02,5.910714049231038381e-01,-2.186877883598655536e+00,2.265347718009468547e+00
6.560000000000000000e+02,4.817275107431710501e-01,-2.216431453844810662e+00,2.268177635062878394e+00
6.570000000000000000e+02,3.709059380509305281e-01,-2.240517829381969417e+00,2.271011087304492637e+00
6.580000000000000000e+02,2.588800465818320573e-01,-2.259063126284515999e+00,2.273848079150535995e+00
6.590000000000000000e+02,1.459268902676062463e-01,-2.272007128613607652e+00,2.276688615022753659e+00
6.600000000000000000e+02,3.232653383692585258e-02,-2.279303473126987889e+00,2.279532699348412628e+00
6.610000000000000000e+02,-8.163863981942354187e-02,-2.280919799818834193e+00,2.282380336560310585e+00
6.620000000000000000e+02,-1.956846298103652737e-01,-2.276837867827862905e+00,2.285231531096783453e+00
6.630000000000000000e+02,-3.095265232017584411e-01,-2.267053636337344802e+00,2.288086287401711605e+00
6.640000000000000000e+02,-4.228792050186256923e-01,-2.251577310177256930e+00,2.290944609924525643e+00
6.650000000000000000e+02,-5.354580705274885055e-01,-2.230433349926325803e+00,2.293806503120215723e+00
6.660000000000000000e+02,-6.469797380238048179e-01,-2.203660446399951400e+00,2.296671971449336880e+00
6.670000000000000000e+02,-7.571627603438023657e-01,-2.171311459498761032e+00,2.299541019378016138e+00
6.680000000000000000e+02,-8.657283333187404395e-01,-2.133453321481570963e+00,2.302413651377960502e+00
6.690000000000000000e+02,-9.724009993928189877e-01,-2.090166904815633941e+00,2.305289871926461398e+00
6.700000000000000000e+02,-1.076909344633600663e+00,-2.041546854845992964e+00,2.308169685506404889e+00
6.710000000000000000e+02,-1.178986687375900289e+00,-1.987701387614313031e+00,2.311053096606277446e+00
6.720000000000000000e+02,-1.278371756756615962e+00,-1.928752053245518017e+00,2.313940109720171279e+00
6.730000000000000000e+02,-1.374809359418891930e+00,-1.864833465407687241e+00,2.316830729347793216e+00
6.740000000000000000e+02,-1.468051032689276392e+00,-1.796092997436742555e+00,2.319724959994471813e+00
6.750000000000000000e+02,-1.557855682561113619e+00,-1.722690445802278703e+00,2.322622806171162679e+00
6.760000000000000000e+02,-1.643990204851227599e+00,-1.644797661674223033e+00,2.325524272394458247e+00
6.770000000000000000e+02,-1.726230087934938817e+00,-1.562598151431661586e+00,2.328429363186590884e+00
6.780000000000000000e+02,-1.804359995506521930e+00,-1.476286647034914523e+00,2.331338083075443990e+00
6.790000000000000000e+02,-1.878174327858267656e+00,-1.386068647259588449e+00,2.334250436594557332e+00
6.800000000000000000e+02,-1.947477760221246967e+00,-1.292159930866675133e+00,2.337166428283132369e+00
6.810000000000000000e+02,-2.012085756764580680e+00,-1.194786042855612740e+00,2.340086062686043356e+00
6.820000000000000000e+02,-2.071825058907361239e+00,-1.094181755017383795e+00,2.343009344353840451e+00
6.830000000000000000e+02,-2.126534146658230373e+00,-9.905905020720157106e-01,2.345936277842758599e+00
6.840000000000000000e+02,-2.176063671761831131e+00,-8.842637947391042141e-01,2.348866867714725082e+00
6.850000000000000000e+02,-2.220276861498786225e+00,-7.754606111510126132e-01,2.351801118537365287e+00
6.860000000000000000e+02,-2.259049892056336883e+00,-6.644467680760732797e-01,2.354739034884011595e+00
6.870000000000000000e+02,-2.292272230460140392e+00,-5.514942734732564134e-01,2.357680621333708704e+00
6.880000000000000000e+02,-2.319846944133803213e+00,-4.368806619502493827e-01,2.360625882471221626e+00
6.890000000000000000e+02,-2.341690977231315696e+00,-3.208883147435592220e-01,2.363574822887042792e+00
6.900000000000000000e+02,-2.357735392968493660e+00,-2.038037658819934483e-01,2.366527447177399601e+00
6.910000000000000000e+02,-2.367925581262593226e+00,-8.591699623356875704e-02,2.369483759944260193e+00
6.920000000000000000e+02,-2.372221431074271525e+00,3.247928282956090429e-02,2.372443765795342774e+00
6.930000000000000000e+02,-2.370597466932793385e+00,1.510903543832745055e-01,2.375407469344120504e+00
6.940000000000000000e+02,-2.363042949213629562e+00,2.696202277299141747e-01,2.378374875209830819e+00
6.950000000000000000e+02,-2.349561937827133740e+00,3.877723751905956528e-01,2.381345988017480764e+00
6.960000000000000000e+02,-2.330173319067604165e+00,5.052504720819523953e-01,2.384320812397855427e+00
6.970000000000000000e+02,-2.304910795463506634e+00,6.217591380353326702e-01,2.387299352987525047e+00
6.980000000000000000e+02,-2.273822838561740056e+00,7.370046778085079797e-01,2.390281614428850343e+00
6.990000000000000000e+02,-2.236972604671314535e+00,8.506958197365950269e-01,2.393267601369993614e+00
7.000000000000000000e+02,-2.194437813684484873e+00,9.625444499701607537e-01,2.396257318464922292e+00
7.010000000000000000e+02,-2.146310591185976779e+00,1.072266340654385086e+00,2.399250770373418717e+00
7.020000000000000000e+02,-2.092697274153257680e+00,1.179581870213683992e+00,2.402247961761085016e+00
7.030000000000000000e+02,-2.033718180642573259e+00,1.284216733921346831e+00,2.405248897299351984e+00
7.040000000000000000e+02,-1.969507343946505840e+00,1.385902642953475539e+00,2.408253581665487530e+00
7.050000000000000000e+02,-1.900212211798832040e+00,1.484378010150800842e+00,2.411262019542600221e+00
7.060000000000000000e+02,-1.825993311291292054e+00,1.579388620740742377e+00,2.414274215619651276e+00
7.070000000000000000e+02,-1.747023880254254813e+00,1.670688286305306969e+00,2.417290174591456786e+00
7.080000000000000000e+02,-1.663489465938989387e+00,1.758039480318019709e+00,2.420309901158700150e+00
7.090000000000000000e+02,-1.575587491923088335e+00,1.841213953614969201e+00,2.423333400027935625e+00
7.100000000000000000e+02,-1.483526794242339797e+00,1.919993328211123673e+00,2.426360675911596765e+00
7.110000000000000000e+02,-1.387527127831783558e+00,1.994169667923240574e+00,2.429391733528005304e+00
7.120000000000000000e+02,-1.287818644435621440e+00,2.063546024314829808e+00,2.432426577601376039e+00
7.130000000000000000e+02,-1.184641343219879905e+00,2.127936956536610857e+00,2.435465212861825268e+00
7.140000000000000000e+02,-1.078244495393049451e+00,2.187169023697604686e+00,2.438507644045379230e+00
7.150000000000000000e+02,-9.688860442081692614e-01,2.241081248467257314e+00,2.441553875893979875e+00
7.160000000000000000e+02,-8.568319817848063513e-01,2.289525550677665944e+00,2.444603913155492858e+00
7.170000000000000000e+02,-7.423557042509230097e-01,2.332367149766906067e+00,2.447657760583714648e+00
7.180000000000000000e+02,-6.257373467625777508e-01,2.369484934979452007e+00,2.450715422938380961e+00
7.190000000000000000e+02,-5.072631000136051949e-01,2.400771802317581027e+00,2.453776904985173868e+00
7.200000000000000000e+02,-3.872245098977261657e-01,2.426134957318261343e+00,2.456842211495727124e+00
7.210000000000000000e+02,-2.659177620318131097e-01,2.445496182813147623e+00,2.459911347247636826e+00
7.220000000000000000e+02,-1.436429528911557230e-01,2.458792070914738392e+00,2.462984317024466741e+00
7.230000000000000000e+02,-2.070334934541880056e-02,2.465974218559296105e+00,2.466061125615755856e+00
7.240000000000000000e+02,1.025953615825460075e-01,2.467009386026567164e+00,2.469141777817028149e+00
7.250000000000000000e+02,2.259458308838743767e-01,2.461879617947440035e+00,2.472226278429795698e+00
7.260000000000000000e+02,3.490398117812463785e-01,2.450582326403246469e+00,2.475314632261570669e+00
7.270000000000000000e+02,4.715689281014087131e-01,2.433130335814184253e+00,2.478406844125870645e+00
7.280000000000000000e+02,5.932254448921179257e-01,2.409551889409113912e+00,2.481502918842224847e+00
7.290000000000000000e+02,7.137030393625736213e-01,2.379890617164508004e+00,2.484602861236185234e+00
7.300000000000000000e+02,8.326975702207990437e-01,2.344205465196379290e+00,2.487706676139330497e+00
7.310000000000000000e+02,9.499078434806180748e-01,2.302570586685339205e+00,2.490814368389275835e+00
7.320000000000000000e+02,1.065036372814885057e+00,2.255075194511308112e+00,2.493925942829678277e+00
7.330000000000000000e+02,1.177790132540450507e+00,2.201823375870563648e+00,2.497041404310248236e+00
7.340000000000000000e+02,1.287881301333978712e+00,2.142933869243541345e+00,2.500160757686753055e+00
7.350000000000000000e+02,1.395027994796155690e+00,2.078539804176842587e+00,2.503284007821024115e+00
7.360000000000000000e+02,1.498954985004997909e+00,2.008788404437034991e+00,2.506411159580970160e+00
7.370000000000000000e+02,1.599394405226849614e+00,1.933840655186785051e+00,2.509542217840576850e+00
7.380000000000000000e+02,1.696086437986188855e+00,1.853870934925442526e+00,2.512677187479922303e+00
7.390000000000000000e+02,1.788779984732461026e+00,1.769066613026132995e+00,2.515816073385178431e+00
7.400000000000000000e+02,1.877233315383767698e+00,1.679627613789509866e+00,2.518958880448622040e+00
7.410000000000000000e+02,1.961214696073243280e+00,1.585765948020321447e+00,2.522105613568641491e+00
7.420000000000000000e+02,2.040502993474259341e+00,1.487705213216659272e+00,2.525256277649743364e+00
7.430000000000000000e+02,2.114888254135092183e+00,1.385680063542946261e+00,2.528410877602562667e+00
7.440000000000000000e+02,2.184172257312239296e+00,1.279935650836191652e+00,2.531569418343867728e+00
7.450000000000000000e+02,2.248169039854048812e+00,1.170727037970579643e+00,2.534731904796569069e+00
7.460000000000000000e+02,2.306705391752577938e+00,1.058318585977877202e+00,2.537898341889727405e+00
7.470000000000000000e+02,2.359621321051471821e+00,9.429833163902483495e-01,2.541068734558560749e+00
7.480000000000000000e+02,2.406770486870984271e+00,8.250022503376747141e-01,2.544243087744451959e+00
7.490000000000000000e+02,2.448020599387867868e+00,7.046637259941255227e-01,2.547421406394956733e+00
7.500000000000000000e+02,2.483253785687574045e+00,5.822626960247321293e-01,2.550603695463812493e+00
7.510000000000000000e+02,2.512366920488810607e+00,4.581000067403534493e-01,2.553789959910944152e+00
7.520000000000000000e+02,2.535271920825828307e+00,3.324816607159128967e-01,2.556980204702472115e+00
7.530000000000000000e+02,2.551896003861624074e+00,2.057180646746214758e-01,2.560174434810721600e+00
7.540000000000000000e+02,2.562181907095355093e+00,7.812326448154027769e-02,2.563372655214228413e+00
7.550000000000000000e+02,2.566088070319432202e+00,-4.998583087322747143e-02,2.566574870897748273e+00
7.560000000000000000e+02,2.563588778775770738e+00,-1.782902343891990815e-01,2.569781086852263918e+00
7.570000000000000000e+02,2.554674267056310732e+00,-3.064696733279876351e-01,2.572991308074992656e+00
7.580000000000000000e+02,2.539350783389911381e+00,-4.342033866808031606e-01,2.576205539569394798e+00
7.590000000000000000e+02,2.517640614055871140e+00,-5.611709258502987074e-01,2.579423786345179881e+00
7.600000000000000000e+02,2.489582067763356221e+00,-6.870529565530922866e-01,2.582646053418318211e+00
7.610000000000000000e+02,2.455229419935701429e+00,-8.115320599412600977e-01,2.585872345811043083e+00
7.620000000000000000e+02,2.414652816938638313e+00,-9.342935309380451248e-01,2.589102668551863662e+00
7.630000000000000000e+02,2.367938140391736113e+00,-1.055026171784977151e+00,2.592337026675570311e+00
7.640000000000000000e+02,2.315186831802487077e+00,-1.173423078804563868e+00,2.595575425223243027e+00
7.650000000000000000e+02,2.256515677862259039e+00,-1.289182420394688222e+00,2.598817869242259437e+00
7.660000000000000000e+02,2.192056556842524540e+00,-1.402008204287801263e+00,2.602064363786301016e+00
7.670000000000000000e+02,2.121956146628134476e+00,-1.511611032129927423e+00,2.605314913915365072e+00
7.680000000000000000e+02,2.046375595021638016e+00,-1.617708839461334147e+00,2.608569524695766972e+00
7.690000000000000000e+02,1.965490153048571331e+00,-1.720027619212415981e+00,2.611828201200153465e+00
7.700000000000000000e+02,1.879488772087950510e+00,-1.818302126864844492e+00,2.615090948507506230e+00
7.710000000000000000e+02,1.788573665744708219e+00,-1.912276565469241962e+00,2.618357771703153425e+00
7.720000000000000000e+02,1.692959837471246232e+00,-2.001705248756477484e+00,2.621628675878775017e+00
7.730000000000000000e+02,1.592874575033422335e+00,-2.086353240630039796e+00,2.624903666132411661e+00
7.740000000000000000e+02,1.488556913001920279e+00,-2.165996969381710713e+00,2.628182747568471811e+00
7.750000000000000000e+02,1.380257064532834699e+00,-2.240424815031806904e+00,2.631465925297742370e+00
7.760000000000000000e+02,1.268235823781244331e+00,-2.309437668258448539e+00,2.634753204437393137e+00
7.770000000000000000e+02,1.152763940368321860e+00,-2.372849459447510689e+00,2.638044590110986576e+00
7.780000000000000000e+02,1.034121467395946237e+00,-2.430487656465926793e+00,2.641340087448486251e+00
7.790000000000000000e+02,9.125970845726498748e-01,-2.482193729835723950e+00,2.644639701586263936e+00
7.800000000000000000e+02,7.884873980808636551e-01,-2.527823584064356588e+00,2.647943437667107602e+00
7.810000000000000000e+02,6.620962188776458035e-01,-2.567247953968399887e+00,2.651251300840229863e+00
7.820000000000000000e+02,5.337338211792257425e-01,-2.600352764912281955e+00,2.654563296261275074e+00
7.830000000000000000e+02,4.037161829336116670e-01,-2.627039455971243331e+00,2.657879429092330437e+00
7.840000000000000000e+02,2.723642101350495226e-01,-2.647225265117923776e+00,2.661199704501928220e+00
7.850000000000000000e+02,1.400029468791533227e-01,-2.660843475624676380e+00,2.664524127665061304e+00
7.860000000000000000e+02,6.960773097919509267e-03,-2.667843622968633976e+00,2.667852703763183175e+00
7.870000000000000000e+02,-1.264314080505122007e-01,-2.668191661623529942e+00,2.671185437984223476e+00
7.880000000000000000e+02,-2.598409911316886811e-01,-2.661870091221004486e+00,2.674522335522591110e+00
7.890000000000000000e+02,-3.929344956927389165e-01,-2.648878041664420202e+00,2.677863401579184455e+00
7.900000000000000000e+02,-5.253783977759599599e-01,-2.629231316879783176e+00,2.681208641361398026e+00
7.910000000000000000e+02,-6.568399636199491187e-01,-2.602962396990985194e+00,2.684558060083132247e+00
7.920000000000000000e+02,-7.869880834694984451e-01,-2.570120398809987883e+00,2.687911662964801440e+00
7.930000000000000000e+02,-9.154941034099978170e-01,-2.530770994636513116e+00,2.691269455233340491e+00
7.940000000000000000e+02,-1.042032653141823584e+00,-2.484996289466013142e+00,2.694631442122213727e+00
7.950000000000000000e+02,-1.166282467615124219e+00,-2.432894656808922029e+00,2.697997628871423803e+00
7.960000000000000000e+02,-1.287927200455570409e+00,-2.374580533428165996e+00,2.701368020727519692e+00
7.970000000000000000e+02,-1.406656227126978687e+00,-2.310184173405387398e+00,2.704742622943602459e+00
7.980000000000000000e+02,-1.522165435797248056e+00,-2.239851362049038563e+00,2.708121440779338585e+00
7.990000000000000000e+02,-1.634158003899699896e+00,-2.163743090259176327e+00,2.711504479500961740e+00
8.000000000000000000e+02,-1.742345158412658801e+00,-2.082035190064191355e+00,2.714891744381286998e+00
8.010000000000000000e+02,-1.846446917915868458e+00,-1.994917932143558392e+00,2.718283240699714387e+00
8.020000000000000000e+02,-1.946192814523046266e+00,-1.902595586247765036e+00,2.721678973742239993e+00
8.030000000000000000e+02,-2.041322593835434684e+00,-1.805285945521612812e+00,2.725078948801463508e+00
8.040000000000000000e+02,-2.131586891111515225e+00,-1.703219815829841055e+00,2.728483171176595778e+00
8.050000000000000000e+02,-2.216747881903007311e+00,-1.596640471274265227e+00,2.731891646173467247e+00
8.060000000000000000e+02,-2.296579905466720639e+00,-1.485803077179114862e+00,2.735304379104537276e+00
8.070000000000000000e+02,-2.370870059325676404e+00,-1.370974081905778741e+00,2.738721375288900806e+00
8.080000000000000000e+02,-2.439418763420965419e+00,-1.252430578939494943e+00,2.742142640052298574e+00
8.090000000000000000e+02,-2.502040292367940122e+00,-1.130459640768446627e+00,2.745568178727123332e+00
8.100000000000000000e+02,-2.558563274406362442e+00,-1.005357626150049644e+00,2.748997996652429165e+00
8.110000000000000000e+02,-2.608831155713864813e+00,-8.774294624297315215e-01,2.752432099173940827e+00
8.120000000000000000e+02,-2.652702628835351462e+00,-7.469879046440383030e-01,2.755870491644060394e+00
8.130000000000000000e+02,-2.690052024067553393e+00,-6.143527732022706633e-01,2.759313179421875706e+00
8.140000000000000000e+02,-2.720769662727666738e+00,-4.798501719988930159e-01,2.762760167873170580e+00
8.150000000000000000e+02,-2.744762171327611355e+00,-3.438116888625096790e-01,2.766211462370430585e+00
8.160000000000000000e+02,-2.761952755770736623e+00,-2.065735802961291001e-01,2.769667068292853251e+00
8.170000000000000000e+02,-2.772281434785543119e+00,-6.847594250759225787e-02,2.773126991026356070e+00
8.180000000000000000e+02,-2.775705231910922777e+00,7.013812923168491476e-02,2.776591235963585369e+00
8.190000000000000000e+02,-2.772198325449338530e+00,2.089233908272310480e-01,2.780059808503922092e+00
8.200000000000000000e+02,-2.761752155907977180e+00,3.475333070996979856e-01,2.783532714053494672e+00
8.210000000000000000e+02,-2.744375490552992236e+00,4.856209148950968446e-01,2.787009958025182144e+00
8.220000000000000000e+02,-2.720094444808237366e+00,6.228396894227464786e-01,2.790491545838627907e+00
8.230000000000000000e+02,-2.688952460337100003e+00,7.588444116631583025e-01,2.793977482920245059e+00
8.240000000000000000e+02,-2.651010239753941899e+00,8.932920346800132805e-01,2.797467774703224386e+00
8.250000000000000000e+02,-2.606345638019941013e+00,1.025842546667710353e+00,2.800962426627545465e+00
8.260000000000000000e+02,-2.555053510686555285e+00,1.156159828568707360e+00,2.804461444139981996e+00
8.270000000000000000e+02,-2.497245519258119995e+00,1.283912504103035035e+00,2.807964832694113788e+00
8.280000000000000000e+02,-2.433049894052968121e+00,1.408774780065940924e+00,2.811472597750331648e+00
8.290000000000000000e+02,-2.362611155049671119e+00,1.530427274768589418e+00,2.814984744775849368e+00
8.300000000000000000e+02,-2.286089791311241459e+00,1.648557832521073019e+00,2.818501279244707725e+00
8.310000000000000000e+02,-2.203661899685187997e+00,1.762862322086635070e+00,2.822022206637789132e+00
8.320000000000000000e+02,-2.115518783580856432e+00,1.873045417070894558e+00,2.825547532442819865e+00
8.330000000000000000e+02,-2.021866512727311882e+00,1.978821356249937491e+00,2.829077262154383821e+00
8.340000000000000000e+02,-1.922925444914814985e+00,2.079914681886303018e+00,2.832611401273926965e+00
8.350000000000000000e+02,-1.818929710820499812e+00,2.176060954132043701e+00,2.836149955309769322e+00
8.360000000000000000e+02,-1.710126663113897605e+00,2.267007439673068614e+00,2.839692929777111630e+00
8.370000000000000000e+02,-1.596776291130244108e+00,2.352513772828763727e+00,2.843240330198044230e+00
8.380000000000000000e+02,-1.479150602488805921e+00,2.432352587385275822e+00,2.846792162101554613e+00
8.390000000000000000e+02,-1.357532973119542241e+00,2.506310117509716218e+00,2.850348431023538964e+00
8.400000000000000000e+02,-1.232217467244056452e+00,2.574186766165693196e+00,2.853909142506808383e+00
8.410000000000000000e+02,-1.103508128935771770e+00,2.635797639527896141e+00,2.857474302101098207e+00
8.420000000000000000e+02,-9.717182469593769190e-01,2.690973045974684563e+00,2.861043915363075119e+00
8.430000000000000000e+02,-8.371695946606426686e-01,2.739558958322653393e+00,2.864617987856350467e+00
8.440000000000000000e+02,-7.001916467445099546e-01,2.781417438055685309e+00,2.868196525151482934e+00
8.450000000000000000e+02,-5.611207748417257335e-01,2.816427020392910929e+00,2.871779532825991410e+00
8.460000000000000000e+02,-4.202994238220801870e-01,2.844483059134997216e+00,2.875367016464361658e+00
8.470000000000000000e+02,-2.780752708653303484e-01,2.865498030326101286e+00,2.878958981658056082e+00
8.480000000000000000e+02,-1.348003693490252841e-01,2.879401793869367676e+00,2.882555434005522610e+00
8.490000000000000000e+02,9.169720344443105242e-03,2.886141812336818990e+00,2.886156379112201797e+00
8.500000000000000000e+02,1.534768109612840714e-01,2.885683326319596897e+00,2.889761822590536600e+00
8.510000000000000000e+02,2.977609772772639163e-01,2.878009485771532816e+00,2.893371770059982140e+00
8.520000000000000000e+02,4.416614515658405793e-01,2.863121436907669626e+00,2.896986227147013260e+00
8.530000000000000000e+02,5.848175234112240606e-01,2.841038364329377508e+00,2.900605199485132513e+00
8.540000000000000000e+02,7.268694416276929582e-01,2.811797488158816360e+00,2.904228692714880378e+00
8.550000000000000000e+02,8.674593160356337540e-01,2.775454016077431696e+00,2.907856712483845030e+00
8.560000000000000000e+02,1.006232016839505361e+00,2.732081050275649847e+00,2.911489264446667224e+00
8.570000000000000000e+02,1.142836069353287964e+00,2.681769449433674790e+00,2.915126354265054509e+00
8.580000000000000000e+02,1.276924541824971726e+00,2.624627645966010281e+00,2.918767987607784331e+00
8.590000000000000000e+02,1.408155924123272174e+00,2.560781418874761517e+00,2.922414170150716917e+00
8.600000000000000000e+02,1.536194995067010183e+00,2.490373622668597964e+00,2.926064907576803265e+00
8.610000000000000000e+02,1.660713676200439970e+00,2.413563872915247543e+00,2.929720205576093583e+00
8.620000000000000000e+02,1.781391869846202347e+00,2.330528189105225412e+00,2.933380069845745730e+00
8.630000000000000000e+02,1.897918279301463507e+00,2.241458595612915161e+00,2.937044506090033646e+00
8.640000000000000000e+02,2.009991209082109265e+00,2.146562681647842030e+00,2.940713520020359795e+00
8.650000000000000000e+02,2.117319343164501433e+00,2.046063121193736567e+00,2.944387117355258709e+00
8.660000000000000000e+02,2.219622499224188417e+00,1.940197154035511407e+00,2.948065303820410765e+00
8.670000000000000000e+02,2.316632356925964142e+00,1.829216029074302030e+00,2.951748085148647061e+00
8.680000000000000000e+02,2.408093158379679188e+00,1.713384411228003890e+00,2.955435467079961853e+00
8.690000000000000000e+02,2.493762378941079216e+00,1.592979753309019975e+00,2.959127455361518777e+00
8.700000000000000000e+02,2.573411366606530137e+00,1.468291634361966080e+00,2.962824055747661500e+00
8.710000000000000000e+02,2.646825948324628364e+00,1.339621066031639662e+00,2.966525273999922607e+00
8.720000000000000000e+02,2.713807001626210358e+00,1.207279768615408200e+00,2.970231115887030704e+00
8.730000000000000000e+02,2.774170990056980646e+00,1.071589418534097726e+00,2.973941587184921964e+00
8.740000000000000000e+02,2.827750460983685432e+00,9.328808690312486718e-01,2.977656693676748123e+00
8.750000000000000000e+02,2.874394504435247910e+00,7.914933459820643336e-01,2.981376441152884471e+00
8.760000000000000000e+02,2.913969171734350994e+00,6.477736207603019825e-01,2.985100835410939624e+00
8.770000000000000000e+02,2.946357852772365948e+00,5.020751621735843884e-01,2.988829882255766179e+00
8.780000000000000000e+02,2.971461610881044990e+00,3.547572695349661132e-01,2.992563587499466937e+00
8.790000000000000000e+02,2.989199474357793207e+00,2.061841889909138692e-01,2.996301956961405111e+00
8.800000000000000000e+02,2.999508683807338816e+00,5.672421527302420885e-02,3.000044996468215430e+00
8.810000000000000000e+02,3.002344894570990075e+00,-9.325121891734272639e-02,3.003792711853809028e+00
8.820000000000000000e+02,2.997682333625122819e+00,-2.433684636458922357e-01,3.007545108959385871e+00
8.830000000000000000e+02,2.985513910442828323e+00,-3.932525803271483822e-01,3.011302193633443203e+00
8.840000000000000000e+02,2.965851281426470809e+00,-5.425282758492897539e-01,3.015063971731784420e+00
8.850000000000000000e+02,2.938724867634006532e+00,-6.908208399206132722e-01,3.018830449117527071e+00
8.860000000000000000e+02,2.904183825637975946e+00,-8.377570833023135766e-01,3.022601631661114396e+00
8.870000000000000000e+02,2.862295971472860412e+00,-9.829662745842123739e-01,3.026377525240321109e+00
8.880000000000000000e+02,2.813147657743649610e+00,-1.126081073157855439e+00,3.030158135740266712e+00
8.890000000000000000e+02,2.756843604085756905e+00,-1.266738456045037875e+00,3.033943469053421715e+00
8.900000000000000000e+02,2.693506681283504900e+00,-1.404580636249325831e+00,3.037733531079617855e+00
8.910000000000000000e+02,2.623277649471038586e+00,-1.539255970313501143e+00,3.041528327726055636e+00
8.920000000000000000e+02,2.546314850955363696e+00,-1.670419852787053072e+00,3.045327864907316773e+00
8.930000000000000000e+02,2.462793858316011164e+00,-1.797735595334821301e+00,3.049132148545370846e+00
8.940000000000000000e+02,2.372907078549270299e+00,-1.920875288250621926e+00,3.052941184569585076e+00
8.950000000000000000e+02,2.276863314136739369e+00,-2.039520642178085374e+00,3.056754978916734533e+00
8.960000000000000000e+02,2.174887282027834878e+00,-2.153363807884922210e+00,3.060573537531009247e+00
8.970000000000000000e+02,2.067219091633588857e+00,-2.262108171986314087e+00,3.064396866364026195e+00
8.980000000000000000e+02,1.954113683034273130e+00,-2.365469126567993463e+00,3.068224971374836851e+00
8.990000000000000000e+02,1.835840226705873546e+00,-2.463174810719706898e+00,3.072057858529936070e+00
9.000000000000000000e+02,1.712681486169888245e+00,-2.554966822055000364e+00,3.075895533803273185e+00
9.010000000000000000e+02,1.584933145067138227e+00,-2.640600896363494599e+00,3.079738003176260452e+00
9.020000000000000000e+02,1.452903100248963408e+00,-2.719847553616851599e+00,3.083585272637781483e+00
9.030000000000000000e+02,1.316910722568120917e+00,-2.792492708629299880e+00,3.087437348184201458e+00
9.040000000000000000e+02,1.177286087136655945e+00,-2.858338244757705926e+00,3.091294235819376013e+00
9.050000000000000000e+02,1.034369174898770671e+00,-2.917202549114538801e+00,3.095155941554661894e+00
9.060000000000000000e+02,8.885090474430437091e-01,-2.968921007859477434e+00,3.099022471408924950e+00
9.070000000000000000e+02,7.400629970500698374e-01,-3.013346460231629553e+00,3.102893831408548575e+00
9.080000000000000000e+02,5.893956740384883597e-01,-3.050349610084133190e+00,3.106770027587447025e+00
9.090000000000000000e+02,4.368781935342817002e-01,-3.079819393786057624e+00,3.110651065987070307e+00
9.100000000000000000e+02,2.828872238449787746e-01,-3.101663303462771637e+00,3.114536952656415725e+00
9.110000000000000000e+02,1.278040586718401928e-01,-3.115807664655020570e+00,3.118427693652037647e+00
9.120000000000000000e+02,-2.798632456091085241e-02,-3.122197867588612397e+00,3.122323295038056390e+00
9.130000000000000000e+02,-1.840962179403414778e-01,-3.120798551360566719e+00,3.126223762886167545e+00
9.140000000000000000e+02,-3.401361455083697916e-01,-3.111593740463549640e+00,3.130129103275651747e+00
9.150000000000000000e+02,-4.957158325315472736e-01,-3.094586933188131272e+00,3.134039322293383112e+00
9.160000000000000000e+02,-6.504451791909537928e-01,-3.069801141561554036e+00,3.137954426033840782e+00
9.170000000000000000e+02,-8.039352362690315168e-01,-3.037278882602006291e+00,3.141874420599116924e+00
9.180000000000000000e+02,-9.557991803991318092e-01,-2.997082120788554516e+00,3.145799312098925604e+00
9.190000000000000000e+02,-1.105653286438559535e+00,-2.949292161768597875e+00,3.149729106650614341e+00
9.200000000000000000e+02,-1.253117894526989407e+00,-2.894009497446669688e+00,3.153663810379172538e+00
9.210000000000000000e+02,-1.397818369399322913e+00,-2.831353602720320328e+00,3.157603429417240815e+00
9.220000000000000000e+02,-1.539386049535338863e+00,-2.761462684250354016e+00,3.161547969905120326e+00
9.230000000000000000e+02,-1.677459183747856519e+00,-2.684493381773587206e+00,3.165497437990783425e+00
9.240000000000000000e+02,-1.811683852836535991e+00,-2.600620422586194191e+00,3.169451839829882989e+00
9.250000000000000000e+02,-1.941714873965845634e+00,-2.510036229944367481e+00,3.173411181585760854e+00
9.260000000000000000e+02,-2.067216685463063808e+00,-2.412950486246075332e+00,3.177375469429457588e+00
9.270000000000000000e+02,-2.187864209775367552e+00,-2.309589651972922209e+00,3.181344709539724924e+00
9.280000000000000000e+02,-2.303343692374013596e+00,-2.200196441484153720e+00,3.185318908103031088e+00
9.290000000000000000e+02,-2.413353514448221215e+00,-2.085029256865452929e+00,3.189298071313574123e+00
9.300000000000000000e+02,-2.517604977291493906e+00,-1.964361581143041935e+00,3.193282205373288551e+00
9.310000000000000000e+02,-2.615823056348645981e+00,-1.838481332278467217e+00,3.197271316491857807e+00
9.320000000000000000e+02,-2.707747122962569364e+00,-1.707690179461034852e+00,3.201265410886722229e+00
9.330000000000000000e+02,-2.793131631935620973e+00,-1.572302823312906384e+00,3.205264494783087503e+00
9.340000000000000000e+02,-2.871746773101266470e+00,-1.432646241716125424e+00,3.209268574413938868e+00
9.350000000000000000e+02,-2.943379085187072697e+00,-1.289058903061062189e+00,3.213277656020045558e+00
9.360000000000000000e+02,-3.007832030340125584e+00,-1.141889948801708465e+00,3.217291745849973683e+00
9.370000000000000000e+02,-3.064926527780210908e+00,-9.914983472847022083e-01,3.221310850160095107e+00
9.380000000000000000e+02,-3.114501445144445935e+00,-8.382520208956916186e-01,3.225334975214598110e+00
9.390000000000000000e+02,-3.156414046189230493e+00,-6.825269486384692996e-01,3.229364127285495378e+00
9.400000000000000000e+02,-3.190540393621153825e+00,-5.247062463290077527e-01,3.233398312652634665e+00
9.410000000000000000e+02,-3.216775705937604091e+00,-3.651792266479500504e-01,3.237437537603709004e+00
9.420000000000000000e+02,-3.235034667270001663e+00,-2.043404413510698237e-01,3.241481808434266032e+00
9.430000000000000000e+02,-3.245251689337555145e+00,-4.258870798756972387e-02,3.245531131447718209e+00
9.440000000000000000e+02,-3.247381124736933522e+00,1.196738764793080501e-01,3.249585512955351696e+00
9.450000000000000000e+02,-3.241397430912968058e+00,2.820429327161547706e-01,3.253644959276337456e+00
9.460000000000000000e+02,-3.227295284277160281e+00,4.441128042618032179e-01,3.257709476737740140e+00
9.470000000000000000e+02,-3.205089644064070153e+00,6.054775684756612542e-01,3.261779071674528296e+00
9.480000000000000000e+02,-3.174815765640286891e+00,7.657320506788647396e-01,3.265853750429584146e+00
9.490000000000000000e+02,-3.136529163106343443e+00,9.244728389608790620e-01,3.269933519353714235e+00
9.500000000000000000e+02,-3.090305521158299484e+00,1.081299297116196323e+00,3.274018384805657877e+00
9.510000000000000000e+02,-3.036240556302489679e+00,1.235814573174111253e+00,3.278108353152098697e+00
9.520000000000000000e+02,-2.974449827643784072e+00,1.387626600989235737e+00,3.282203430767671737e+00
9.530000000000000000e+02,-2.905068497594322174e+00,1.536349092371424918e+00,3.286303624034978554e+00
9.540000000000000000e+02,-2.828251042975750806e+00,1.681602517251141071e+00,3.290408939344591221e+00
9.550000000000000000e+02,-2.744170917113193831e+00,1.823015069399928523e+00,3.294519383095065646e+00
9.560000000000000000e+02,-2.653020163643197371e+00,1.960223615255588303e+00,3.298634961692952672e+00
9.570000000000000000e+02,-2.555008982880417889e+00,2.092874623437748216e+00,3.302755681552803413e+00
9.580000000000000000e+02,-2.450365251708530590e+00,2.220625072581769111e+00,3.306881549097185236e+00
9.590000000000000000e+02,-2.339333998079442090e+00,2.343143335167195751e+00,3.311012570756685758e+00
9.600000000000000000e+02,-2.222176831321082346e+00,2.460110035071167989e+00,3.315148752969927948e+00
9.610000000000000000e+02,-2.099171329567524058e+00,2.571218876637221928e+00,3.319290102183577673e+00
9.620000000000000000e+02,-1.970610385735662939e+00,2.676177443115598020e+00,3.323436624852352583e+00
9.630000000000000000e+02,-1.836801513579882972e+00,2.774707962402381156e+00,3.327588327439036320e+00
9.640000000000000000e+02,-1.698066115459763825e+00,2.866548038081375260e+00,3.331745216414483401e+00
9.650000000000000000e+02,-1.554738713555695151e+00,2.951451343854363252e+00,3.335907298257633880e+00
9.660000000000000000e+02,-1.407166146362976988e+00,3.029188279532148087e+00,3.340074579455519554e+00
9.670000000000000000e+02,-1.255706732386369540e+00,3.099546586850296936e+00,3.344247066503277743e+00
9.680000000000000000e+02,-1.100729403043854582e+00,3.162331923469615447e+00,3.348424765904158384e+00
9.690000000000000000e+02,-9.426128068703738538e-01,3.217368393621808043e+00,3.352607684169536029e+00
9.700000000000000000e+02,-7.817443871892834073e-01,3.264499033965326813e+00,3.356795827818918720e+00
9.710000000000000000e+02,-6.185194354910170667e-01,3.303586253324791056e+00,3.360989203379959989e+00
9.720000000000000000e+02,-4.533401228247775361e-01,3.334512225099341975e+00,3.365187817388466396e+00
9.730000000000000000e+02,-2.866145115698104373e-01,3.357179231240580819e+00,3.369391676388409529e+00
9.740000000000000000e+02,-1.187555500077813742e-01,3.371509956819071174e+00,3.373600786931937101e+00
9.750000000000000000e+02,4.981994783317220121e-02,3.377447734319460437e+00,3.377815155579380946e+00
9.760000000000000000e+02,2.186923345491452453e-01,3.374956736927801959e+00,3.382034788899267230e+00
9.770000000000000000e+02,3.874401713955353266e-01,3.364022120200344634e+00,3.386259693468329335e+00
9.780000000000000000e+02,5.556412774055525805e-01,3.344650111630568023e+00,3.390489875871515402e+00
9.790000000000000000e+02,7.228737829870810483e-01,3.316868047760290317e+00,3.394725342702000326e+00
9.800000000000000000e+02,8.887171853750955863e-01,3.280724358610936253e+00,3.398966100561194192e+00
9.810000000000000000e+02,1.052753403305642488e+00,3.236288499342181435e+00,3.403212156058755156e+00
9.820000000000000000e+02,1.214567828272751449e+00,3.183650829176899233e+00,3.407463515812596988e+00
9.830000000000000000e+02,1.373750369731596477e+00,3.122922437763261616e+00,3.411720186448901959e+00
9.840000000000000000e+02,1.529896491619759491e+00,3.054234919276682003e+00,3.415982174602128829e+00
9.850000000000000000e+02,1.682608237583593569e+00,2.977740094695694228e+00,3.420249486915024839e+00
9.860000000000000000e+02,1.831495242318378347e+00,2.893609682816514539e+00,3.424522130038634149e+00
9.870000000000000000e+02,1.976175726459204141e+00,2.802034920700595677e+00,3.428800110632312492e+00
9.880000000000000000e+02,2.116277472494234146e+00,2.703226134377635592e+00,3.433083435363731173e+00
9.890000000000000000e+02,2.251438779213116081e+00,2.597412260752923974e+00,3.437372110908893497e+00
9.900000000000000000e+02,2.381309392250762436e+00,2.484840321792268103e+00,3.441666143952140544e+00
9.910000000000000000e+02,2.505551408340375819e+00,2.365774852179729937e+00,3.445965541186165826e+00
9.920000000000000000e+02,2.623840150949362293e+00,2.240497281762711346e+00,3.450270309312021055e+00
9.930000000000000000e+02,2.735865015037497905e+00,2.109305274215243386e+00,3.454580455039131248e+00
9.940000000000000000e+02,2.841330278748260163e+00,1.972512023463368402e+00,3.458895985085301383e+00
9.950000000000000000e+02,2.939955879921428483e+00,1.830445509525955305e+00,3.463216906176729282e+00
9.960000000000000000e+02,3.031478155397726137e+00,1.683447715529883926e+00,3.467543225048014488e+00
9.970000000000000000e+02,3.115650541174220134e+00,1.531873807759997597e+00,3.471874948442170705e+00
9.980000000000000000e+02,3.192244231562220147e+00,1.376091280701286612e+00,3.476212083110634232e+00
9.990000000000000000e+02,3.261048795597284666e+00,1.216479069123175716e+00,3.480554635813276398e+00
